ID,Date,Time,Age,Age Category,Gender,Emotion,Frequency
1,2023-08-16,22:49:00.233379,31,young_adults,Homme,fear,1
1,2023-08-16,22:49:00.233379,31,young_adults,Homme,fear,1
2,2023-08-16,22:49:01.323179,32,young_adults,Homme,angry,1
1,2023-08-16,22:49:02.497548,31,young_adults,Homme,fear,2
2,2023-08-16,22:49:01.323179,32,young_adults,Homme,angry,1
1,2023-08-16,22:49:03.745778,31,young_adults,Homme,fear,3
2,2023-08-16,22:49:01.323179,32,young_adults,Homme,angry,1
1,2023-08-16,22:49:03.745778,31,young_adults,Homme,fear,3
2,2023-08-16,22:49:01.323179,32,young_adults,Homme,angry,1
3,2023-08-16,22:49:05.034292,31,young_adults,Homme,sad,1
1,2023-08-16,22:49:03.745778,31,young_adults,Homme,fear,3
2,2023-08-16,22:49:01.323179,32,young_adults,Homme,angry,1
3,2023-08-16,22:49:06.717789,31,young_adults,Homme,sad,2
1,2023-08-16,22:49:08.234733,31,young_adults,Homme,fear,4
2,2023-08-16,22:49:01.323179,32,young_adults,Homme,angry,1
3,2023-08-16,22:49:06.717789,31,young_adults,Homme,sad,2
1,2023-08-16,22:49:08.234733,31,young_adults,Homme,fear,4
2,2023-08-16,22:49:01.323179,32,young_adults,Homme,angry,1
3,2023-08-16,22:49:06.717789,31,young_adults,Homme,sad,2
4,2023-08-16,22:49:10.203466,30,young_adults,Homme,neutral,1
1,2023-08-16,22:49:08.234733,31,young_adults,Homme,fear,4
2,2023-08-16,22:49:01.323179,32,young_adults,Homme,angry,1
3,2023-08-16,22:49:06.717789,31,young_adults,Homme,sad,2
4,2023-08-16,22:49:12.206109,30,young_adults,Homme,neutral,2
1,2023-08-16,22:49:08.234733,31,young_adults,Homme,fear,4
2,2023-08-16,22:49:01.323179,32,young_adults,Homme,angry,1
3,2023-08-16,22:49:06.717789,31,young_adults,Homme,sad,2
4,2023-08-16,22:49:13.844727,30,young_adults,Homme,neutral,3
