id,name,danceability,energy,valence,year,year_range,plage_id
2WBzF0a3DDzqjNF8V3ApAw,That Was Your Mother (with Good Rockin' Doopsie & The Twisters),0.722,0.757,0.483,1986,1971-1985,3
4Kvz5bhHNYPSaGnQ7PsTBi,Change of Heart,0.706,0.847,0.495,1986,1971-1985,3
5ph3PnU1q2x4rcp94aiBiA,Mean Green Mother From Outerspace,0.715,0.853,0.407,1986,1971-1985,3
5lWFrW5T3JtxVCLDb7etPu,Bad - 2012 Remaster,0.787,0.889,0.394,1987,1986-2001,3
1kiNatIrwDusOZfR29W0LJ,Man in the Mirror - 2012 Remaster,0.808,0.812,0.269,1987,1986-2001,3
67CfbIKKTCKFqmQLJwUftX,"Ella, elle l'a - Remasterisé en 2004",0.702,0.76,0.455,1987,1986-2001,3
3yBlJtq86wROQpHi1goEKT,Dirty Diana - 2012 Remaster,0.744,0.815,0.347,1987,1986-2001,3
3c7Ctlw9MKlIQPxRH3fOTt,Man in the Mirror - 2012 Remaster,0.808,0.812,0.269,1987,1986-2001,3
2gSNBigeWMVtY3QBIvPAEc,Bad - 2012 Remaster,0.787,0.889,0.394,1987,1986-2001,3
2w7VEWHtt8WW88Yt5H9ibZ,Speed Demon - 2012 Remaster,0.789,0.748,0.235,1987,1986-2001,3
3fatX7w8Wt9nmwGlXZsRFh,Paid In Full,0.902,0.743,0.423,1987,1986-2001,3
20s3FayrStM8GY0m4dRFsw,Paid In Full,0.878,0.851,0.404,1987,1986-2001,3
3hWZ9vTXIEUffGVD73qIAb,El Genio del Dub - Remasterizado 2008,0.708,0.848,0.366,1987,1986-2001,3
0AcgKF7kbSoCkh3n7vlHwK,Dirty Diana - 2012 Remaster,0.744,0.815,0.347,1987,1986-2001,3
5SpHSOne318K5q7EBYndT6,Speed Demon - 2012 Remaster,0.789,0.748,0.235,1987,1986-2001,3
6NeRpRTcFftvt3j1vF4Pcw,Fight Like A Brave,0.719,0.936,0.276,1987,1986-2001,3
6KIKRz9eSTXdNsGUnomdtW,Straight Outta Compton,0.834,0.878,0.418,1988,1986-2001,3
5QKM7U6l7bMdJItolkM4x4,Straight Outta Compton,0.779,0.984,0.402,1988,1986-2001,3
2mv6GY70UsHiTCGQZ4JfgC,Fools Gold - Remastered,0.731,0.875,0.164,1989,1986-2001,3
01CuCSqlNItevX7F1GcopF,So Wat Cha Sayin',0.796,0.701,0.475,1989,1986-2001,3
033N3Mf87ODmORg6YO61cm,The Sounds Of Science,0.801,0.714,0.496,1989,1986-2001,3
7j5TIXPi0cCbSSqItmbyZy,Vogue,0.748,0.84,0.304,1990,1986-2001,3
5LOKOBboMIbi4moxpjuFL5,Chime - Edit,0.726,0.919,0.332,1990,1986-2001,3
02rL5rMK7s4LQ6BAjNF5iv,Radio Kriminal - Remasterizado 2008,0.791,0.701,0.251,1990,1986-2001,3
0WeATn9QzAPOyR53O3VDTJ,Borderline - Remix,0.776,0.772,0.498,1990,1986-2001,3
6FG2m8U2dF8KZwJFJEwKHx,Subhalekha,0.78,0.726,0.49,1990,1986-2001,3
5S09A4WRyJdb1hEkLSD4Td,Gir Kanıma,0.759,0.714,0.492,1991,1986-2001,3
4iRdjKyOM0nGAyVYYN4ExQ,Uptown Anthem,0.823,0.723,0.146,1991,1986-2001,3
4fv1OzrStC17Mqck9LGldk,Appetite For Destruction,0.843,0.812,0.361,1991,1986-2001,3
4FW2zzZcmS4GK5GznpYUyV,Ci vuole un fisico bestiale,0.703,0.879,0.371,1991,1986-2001,3
27AHAtAirQapVldIm4c9ZX,Jump,0.749,0.745,0.481,1992,1986-2001,3
0bwNb4KRkhzahJJMFsGoPR,Please Don't Go,0.707,0.842,0.492,1992,1986-2001,3
3R97rNX7JnmshCWBwOSFet,My Lovin' (You're Never Gonna Get It),0.767,0.839,0.461,1992,1986-2001,3
4dY4JVC0Q9CwpeZ6JAclIc,Rump Shaker,0.888,0.822,0.233,1992,1986-2001,3
4YbCZSeX3QhpEyQE5KAtio,I'm That Type Of Nigga,0.847,0.773,0.473,1992,1986-2001,3
3mbQd1v6N7nqX2mcAyCxCU,Provócame,0.74,0.845,0.485,1992,1986-2001,3
6BukIakKj13FZWCugXCCda,Right Back,0.748,0.744,0.347,1992,1986-2001,3
217m5TxpXyqbpR7WWmoSqO,Only If You Want It,0.79,0.846,0.46,1992,1986-2001,3
6pLqWnPefTep0LTUVG9PHG,Passion - Naked Mix,0.748,0.711,0.0823,1992,1986-2001,3
4ih3dyFZoeTdaeJW9mPbOI,Mr. Vain - Original Radio Edit,0.703,0.997,0.391,1993,1986-2001,3
2LjiPAQOVazT8sRyXL3XRs,Informer,0.763,0.742,0.483,1993,1986-2001,3
3Y6XWs8xMlCngyIxNOFnsp,Sound of da Police,0.794,0.95,0.324,1993,1986-2001,3
5c6gkexa2eWCCBmEb0zXCZ,My Name Is Mud,0.714,0.869,0.439,1993,1986-2001,3
6M3lqzrkzSKrBehkeAxTXc,Ghetto Bird - Remastered,0.764,0.803,0.423,1993,1986-2001,3
1N7u6Mo1e3tFQBvH9AFjHz,G Funk (Intro),0.776,0.897,0.499,1993,1986-2001,3
1FXqWFsdg4QnC9EHmM0RaA,Pump Pump (feat. Lil' Malik),0.8,0.75,0.375,1993,1986-2001,3
09o8YE3Ta7YRXh5NI9HPZQ,Rara Söta Anna,0.732,0.892,0.404,1993,1986-2001,3
2bXI4Rbw1D7aVeHWLjn1Lb,Machine Gun Funk - 2006 Remaster,0.841,0.738,0.305,1994,1986-2001,3
3bOvAqhaZNSWpGVIvHEx8B,Everyday Struggle - 2005 Remaster,0.913,0.712,0.449,1994,1986-2001,3
2LhhnqrHPWvXYveZVHLKrd,Life's a Bitch (feat. AZ & Olu Dara),0.775,0.734,0.342,1994,1986-2001,3
12N5Qmt5TAs881z17sWUvV,Run To Me,0.718,0.963,0.361,1994,1986-2001,3
2uR6DAqwZCfDeD6jFrD5zA,Senor Matanza,0.722,0.908,0.413,1994,1986-2001,3
3kgy6gz61XtWzgGw4Xh8CJ,Life's a Bitch (feat. AZ & Olu Dara),0.775,0.734,0.342,1994,1986-2001,3
32a0GKG71WxRfIeJI2zre4,No Surrender,0.706,0.787,0.243,1994,1986-2001,3
3URCEz3axo6lHuDBhg59jz,Under Pressure,0.792,0.753,0.231,1994,1986-2001,3
6tPVkck2ZoT6lz0PEkL6uF,La vida la vida me da palo,0.812,0.914,0.489,1994,1986-2001,3
7N1Vjtzr1lmmCW9iasQ8YO,Survival of the Fittest,0.813,0.703,0.241,1995,1986-2001,3
2u2udGmop1z67EPpr91km7,Man in the Mirror,0.794,0.798,0.265,1995,1986-2001,3
3FvQH46A4B37eNHjooIXcu,Bad,0.802,0.869,0.339,1995,1986-2001,3
3SL3GG9Bs7m1s9aqhjCeIa,Incarcerated Scarfaces,0.884,0.807,0.357,1995,1986-2001,3
1MHtFj66arQ3vD4ZNK1RYy,Criminology (feat. Ghostface Killah),0.712,0.726,0.464,1995,1986-2001,3
2bpmisazTQ49QpLMGZGp1X,Hideaway - Deep Dish Radio Edit,0.761,0.959,0.477,1995,1986-2001,3
5lxWBU8FM7pqidZcDsgvb3,Un-Break My Heart - Classic Radio Mix,0.764,0.966,0.353,1996,1986-2001,3
6O6jYPwFgoAtNg2LvZ6fNt,Shorty Wanna Be A Thug,0.808,0.716,0.352,1996,1986-2001,3
0llxnKwB2eKrVEUxBWuHgR,Jein,0.749,0.886,0.479,1996,1986-2001,3
2JVdaVgLJB9ekMoyHQD3lS,"Picture Me Rollin' (ft. Danny Boy, CPO, Big Syke)",0.832,0.757,0.449,1996,1986-2001,3
31a2HqfdG7t7cfLCgM0nLu,Wonda Why They Call U B____,0.792,0.876,0.457,1996,1986-2001,3
3eGBESLT08agei7veoLLlz,Straight Outta Compton - Extended Mix / Edit,0.773,0.947,0.464,1996,1986-2001,3
47BPp5TPDpl0wCXB0FWXvg,Seven Days and One Week - Radio Edit,0.777,0.931,0.493,1996,1986-2001,3
5dEBcymDDG9TUjJnAouOPp,Step by Step,0.752,0.79,0.202,1996,1986-2001,3
3cR6v2bOwqi7znC8P5Vs1T,Maracatu Atômico,0.748,0.729,0.263,1996,1986-2001,3
5A9SjtyqBnA6XUL2PvCMj4,Basta Ya Mi Amor,0.714,0.709,0.344,1996,1986-2001,3
2q8lHMMso6wx6pb5uwqzOs,Two Dope Boyz (In a Cadillac),0.809,0.718,0.493,1996,1986-2001,3
6iGSLWmAj6E4GGnSzLxBJf,"The Gangsta, The Killa And The Dope Dealer",0.803,0.737,0.484,1996,1986-2001,3
62SqHqTAndm0pqZ8oVvlkb,Thug Luv (feat. 2pac),0.795,0.793,0.428,1997,1986-2001,3
6EBDmMZBQkWrj7jWlGhFU1,Doctor Jones,0.703,0.8,0.466,1997,1986-2001,3
6hgBJPTHoDJyxydmtFWHKf,Rollin' & Scratchin',0.822,0.791,0.21,1997,1986-2001,3
1PH5Es89c1cENU8WVuWwbp,Alive,0.723,0.716,0.0748,1997,1986-2001,3
2nKZMOEvOyTViP09HxBfXx,Boogie Woogie Wu,0.729,0.703,0.357,1997,1986-2001,3
4q650OiSDQIwccxDFpuuBm,Flim,0.71,0.734,0.4,1997,1986-2001,3
7gHtm3BUJgbET8Vmit2lu6,Return of the Mack - C&J Extended Mix,0.762,0.802,0.413,1997,1986-2001,3
7fYIXtdOUl8WqXAqQGyIHQ,Daftendirekt,0.883,0.743,0.336,1997,1986-2001,3
11SfAvTgnEEYy4Ef0fyFpE,Sound Is Vibration,0.779,0.712,0.496,1997,1986-2001,3
2zKT0JYK2Ap1YgWMXoibnP,Diesel Power,0.725,0.877,0.0976,1997,1986-2001,3
0iIZ1fqdUIfcE8CIndhlDD,Last Day (feat. The Lox) - 2014 Remaster,0.738,0.867,0.355,1997,1986-2001,3
1Zc9TBoPG8U5epucXYcEFa,What Is A Juggalo?,0.726,0.721,0.475,1997,1986-2001,3
1zM8jy4HqgLD12XgHatfch,Hellrazor,0.837,0.884,0.454,1997,1986-2001,3
5fpizYGbi5IQoEraj6FP0R,Intergalactic - Remastered,0.734,0.864,0.47,1998,1986-2001,3
303ccTay2FiDTZ9fZ2AdBt,Music Sounds Better With You,0.735,0.72,0.364,1998,1986-2001,3
0shK5iZQppbHPQYiy60xs9,Rosa Parks,0.792,0.701,0.251,1998,1986-2001,3
33EvfEwe9JrbEt0PP1lIbt,Damien,0.825,0.729,0.436,1998,1986-2001,3
7xXy5wG7nUXwCz6zrnwiTI,Intro,0.71,0.714,0.355,1998,1986-2001,3
71jzSTkT0F0w1v4moZIDyc,Picture Me Rollin',0.848,0.737,0.457,1998,1986-2001,3
26B81hzch5vcQweK3TFBt6,Islands In The Stream - Live At The MGM Grand/1997,0.751,0.746,0.304,1998,1986-2001,3
6usCWRyRdplnEsWjpfwcxk,ATF,0.842,0.914,0.246,1998,1986-2001,3
1KQymTxNJfWk6vCD5ywKW2,Da Art of Storytellin' (Pt. 1),0.749,0.856,0.402,1998,1986-2001,3
7bRFOn6x2XT1mPNuBL6DHs,Sunchyme,0.715,0.861,0.292,1998,1986-2001,3
2ar1AExas2azDSQbbeuhbL,Luvstruck - Marco V & Benjamin Rmx,0.733,0.952,0.499,1998,1986-2001,3
3AbnJnfyBglunFIaFg15rT,Heartz Of Men,0.851,0.748,0.498,1998,1986-2001,3
37zeMGAyhaUJWwbU9qYTqM,You're a Superstar - City of Love Club Mix,0.794,0.717,0.461,1998,1986-2001,3
5qEzf9tBursDHplB2FhzVy,Superthug,0.845,0.921,0.367,1998,1986-2001,3
3bPQDNT1ZydBAkdg6cJAJx,One for Sorrow,0.715,0.951,0.376,1998,1986-2001,3
4LwU4Vp6od3Sb08CsP99GC,The Next Episode,0.922,0.909,0.309,1999,1986-2001,3
3pL4Er2Dezj7MJ5yp25aMl,One More Road To Cross,0.73,0.921,0.47,1999,1986-2001,3
2eknDuc5IeulN0hnwEZsjF,The Next Episode,0.923,0.912,0.287,1999,1986-2001,3
6nwAubYnLGl7F7cDuOoVLp,Quiet Storm,0.79,0.728,0.403,1999,1986-2001,3
0EZMXJMWf0tLKRWwCiA6Sx,Let's Get High,0.905,0.85,0.498,1999,1986-2001,3
6FP4peicCGnib7asns71fs,The Launch - Radio Edit,0.739,0.998,0.259,1999,1986-2001,3
38aGhG0KaU7m5K1OTH62aM,Buck 'Em,0.826,0.726,0.398,1999,1986-2001,3
0TBzphxYIeDLP9DAJUSUbP,As The World Turns,0.861,0.731,0.36,1999,1986-2001,3
0qhwZ19NLe1FpQSmb4ZZau,Confisco,0.826,0.991,0.376,1999,1986-2001,3
0FIJvfMOjEZhSs5hTObtKP,Pokérap,0.819,0.936,0.496,1999,1986-2001,3
11iLxpjYxcq3aDqzqUcYy0,Lado B lado A,0.752,0.827,0.463,1999,1986-2001,3
47w8ZDr5nBClBgMS92FBDQ,Quiet Storm (feat. Lil' Kim) - Remix,0.792,0.79,0.411,1999,1986-2001,3
4KVVy0GeXO03ni8Cv4SWk8,"Bad Guys Always Die - From ""Wild Wild West"" Soundtrack",0.722,0.747,0.343,1999,1986-2001,3
4lyNZVcQqtzn0drb9zdRTT,The Professional,0.73,0.818,0.221,1999,1986-2001,3
23wfXwnsPZYe5A1xXRHb3J,The Way I Am,0.785,0.871,0.315,2000,1986-2001,3
3Mve54zblCN7dHcTPtJqBi,Year 3000,0.801,0.799,0.341,1992,1986-2001,3
2HoDr1yVksl19omOhc1zWy,Hip-Hop,0.725,0.737,0.219,2000,1986-2001,3
3X4Oz9LjhhtgyOhVNlfoYa,Marshall Mathers,0.729,0.759,0.268,2000,1986-2001,3
6Phug5Bw0QShaFvRMeBVzZ,Walk on Water - H2O Radio Mix,0.733,0.79,0.428,2000,1986-2001,3
3GODvruCIWrbQKphh8Z8DP,"Sometimes (12"" Mix) - 12'' Mix; 2011 Remastered Version",0.719,0.771,0.478,1987,1986-2001,3
2symit4kuMT20g9dHuvSi7,The Race - Remastered,0.851,0.843,0.187,1988,1986-2001,3
30tkVyBPF2ZGF2oBnaE6cE,Love Will Never Do (Without You),0.746,0.947,0.462,1989,1986-2001,3
5oiAHU3UEYcT8ZrmVjSPxi,Rock Your Body - Radio edit,0.767,0.947,0.247,1989,1986-2001,3
7ILuZZjTjy3qhZLqzQla9Q,Me Gusta,0.839,0.82,0.454,1998,1986-2001,3
1wrcDvgBfPGiZVx8nxtFe9,Music so Good,0.828,0.796,0.493,1998,1986-2001,3
4Fi8h4oNheYep9n51t9tH0,Bottom Heavy,0.839,0.79,0.397,1998,1986-2001,3
5xtVzuBOJfQCyR91Pv4aOK,You Suck (feat. The Yeastie Girls),0.811,0.834,0.493,1995,1986-2001,3
469Miaz6rIPk68XBhDF05C,Cradle To The Grave,0.771,0.798,0.473,1994,1986-2001,3
3PbwWbpoTlqZ3KxjvFOZxd,Weakness,0.729,0.764,0.392,1994,1986-2001,3
2stknTn6Za4AjAaubf19CZ,So Many People,0.714,0.714,0.498,1995,1986-2001,3
4W8njwKQsbLFj3dZx82DWT,Bellissima - Radio Mix,0.784,0.978,0.481,1996,1986-2001,3
2RmDlwiqEPjZRsSX443kSN,Boom,0.795,0.775,0.338,1996,1986-2001,3
1NjgSr5iY02CrbTINHlvO3,Beachball - Extended Vocal Mix,0.829,0.865,0.313,1997,1986-2001,3
0whydZVhYUiAQ7LIQErJeM,Mambotjie (feat. 2Shot),0.773,0.741,0.391,1998,1986-2001,3
3pkCJeLcM9Fd0xihQcFsIf,Bona Senzani,0.748,0.922,0.443,1998,1986-2001,3
3uaG4R3WKaZ6WTKEy47jIC,You're My First Love - Head over Heels,0.701,0.727,0.418,1998,1986-2001,3
6qC4QLIm8EecsLrNmIC8z2,Don't You Ever,0.791,0.796,0.406,1999,1986-2001,3
2rbb3lOMI71NIMbJCS1wQQ,Who Dat,0.831,0.834,0.381,1999,1986-2001,3
38XUHcIwtJoiEXTyrC8pF9,Love Can Move Mountains,0.732,0.874,0.275,1999,1986-2001,3
0pzXfsibHoO6eWDV262G1U,As The World Turns,0.796,0.73,0.336,1999,1986-2001,3
4EIzsbsVOzfLwyIvfsRQ8H,Do It Again (Put Ya Hands Up),0.771,0.826,0.338,1999,1986-2001,3
4xwRtK6tfMp4yZwcDvY0gT,Between Me & You,0.818,0.883,0.405,2000,1986-2001,3
5whIG7u2VjyILwGqm9dkDD,Hope,0.778,0.756,0.244,2000,1986-2001,3
0E2UdlzNQP9I70MYumYlFo,Frontier Psychiatrist,0.711,0.905,0.437,2000,1986-2001,3
7vcUOhIFkpzVCYvBkPdegl,Rey del Glam,0.745,0.838,0.36,1987,1986-2001,3
6tGtBvK6DezcjbtUxXGyxe,I Go To Work,0.847,0.828,0.451,1989,1986-2001,3
23HiOySFOnPUXTJWnc5tAb,Ptolemy,0.765,0.726,0.314,1992,1986-2001,3
4tvejslaZsD6Y0pFCWipwJ,God Made Me Phunky,0.709,0.73,0.353,1994,1986-2001,3
6fyfrrqJe9XOlNNgxHwJ3h,Flute Loop - Remastered 2009,0.8,0.788,0.236,1994,1986-2001,3
22yU8oHwWkgrKfinAyZv3K,Dueño de mi silencio,0.783,0.778,0.445,1996,1986-2001,3
1nluqUxDKnwWyScYVeQHXa,Rock'n Roll,0.955,0.899,0.331,1997,1986-2001,3
4jF8GAMRCOenL17cNnBDI0,Indo Silver Club,0.886,0.847,0.443,1997,1986-2001,3
5zjFsuLrTM5sp6coribhCa,Taal Se Taal - Western Version,0.771,0.72,0.492,1999,1986-2001,3
648Myn15scOB98wpZ9jd3c,El cielo no entiende,0.701,0.784,0.486,2000,1986-2001,3
4HpCT9jeCzBfpCaF3aTVWX,Get Your Roll On,0.783,0.709,0.47,2000,1986-2001,3
3829oHimRwuUHePcD2Jj7S,Blackwater - 128 full strings vocal mix,0.763,0.81,0.496,2000,1986-2001,3
11TOawKb47rRFpkksPr9JZ,Campana Sobre Campana,0.726,0.768,0.452,1986,1971-1985,3
1Vo4eRorViN14LlitOyfAX,Wenn es dich noch gibt,0.735,0.852,0.448,1987,1986-2001,3
472a4lSuWfcFCGSSyls2NO,"Она Идет по Жизни, Смеясь",0.822,0.74,0.48,1987,1986-2001,3
7yMbaSjKlMvJXUMch059UR,Oldu mu,0.725,0.818,0.332,1988,1986-2001,3
2QU4eVY1t511CJq8rnWUoa,"Rano, Ranije",0.775,0.781,0.477,1989,1986-2001,3
2Weh16HICfooVxT2PcLYzi,Kapitel 14 - Das Fohlen (Folge 001),0.756,0.727,0.42,1991,1986-2001,3
36uW6rrMCZZWiGcb6zNj2S,Kapitel 04 - Amadeus ist krank (Folge 002),0.737,0.783,0.312,1991,1986-2001,3
5G7qfV1nbvLuhfRmV05THI,Kapitel 01 - Das Zirkuspony (Folge 004),0.754,0.713,0.459,1991,1986-2001,3
0wCdRl8v3jPQHw0DH9kYuA,İsmail,0.837,0.822,0.337,1992,1986-2001,3
6e02s5e6AwwyS4dt30Bp2b,Kapitel 10 - Papis Pony (Folge 011),0.751,0.703,0.403,1992,1986-2001,3
3DtFSsoib0CkjCT7um79MU,Toy Box,0.924,0.794,0.452,1995,1986-2001,3
250EHOSNKxP4J9CbC1DN9k,Tengo Una Punto 40,0.769,0.904,0.402,1996,1986-2001,3
0Ylaocf86J0PZAhjAP8wzl,Doin' Time,0.711,0.713,0.492,1996,1986-2001,3
484Gdeepq9VA2OqG9qMrPU,Brinca,0.861,0.728,0.332,1997,1986-2001,3
4khZZjyYGXzWhKWZXOnXjJ,Emergencia de amor,0.767,0.749,0.383,1998,1986-2001,3
0mrYYdRJ4KRcdeQf0XXtd0,Nike Air (Hands In The Air),0.753,0.855,0.347,1998,1986-2001,3
6vme3TgfkrtlUEZlNRh0Ur,David Danzaba,0.73,0.922,0.349,1998,1986-2001,3
4WnyegYGIRdY2xuyJScjve,El Rasta Mix,0.886,0.712,0.384,1998,1986-2001,3
5oPvr8cdNJXeyOjSsYRNYb,Aikaa täytyy olla koko yö,0.799,0.729,0.435,1989,1986-2001,3
1dDqZHBtKoIk5G6OdyASx3,The Devil Made Me Do It,0.804,0.842,0.426,1990,1986-2001,3
1f8h1B6EQdJVjdIWAkhshP,Jungle Bill,0.707,0.782,0.494,1991,1986-2001,3
6Kx7HX8d1EBe927L7V6vL4,Sgt. Baker,0.72,0.822,0.198,1991,1986-2001,3
5dPynG2Th4Z8nVxWdsZo1J,Prelude,0.812,0.742,0.401,1991,1986-2001,3
3Vaxvjt9cLnYmeeaH4S30I,Tartu tiukasti hanuriin,0.764,0.749,0.334,1993,1986-2001,3
3QlZZvDLjdoP5ToIgDQRTE,Down Foe My Thang,0.737,0.719,0.447,1994,1986-2001,3
23J1N64a5rcZqW1ArbGEXA,X-Tasy - Past Mix,0.757,0.814,0.386,1994,1986-2001,3
6DZtGwD1IjO6U8TGRfIVEU,Run To Me - Original Extended Mix,0.724,0.952,0.357,1994,1986-2001,3
2QECh0fEPnaTxRWsVBrUz7,Supa Star,0.708,0.776,0.379,1995,1986-2001,3
5RvrVmgFrRP63d9YcvBJ5Z,Kaksi kättä hississä,0.706,0.774,0.392,1996,1986-2001,3
2NxgsA7eJXj8sBSsoKP3OT,Can You Feel Me,0.804,0.731,0.451,1996,1986-2001,3
6U08s2KoCdDbwmiGf3yoN6,Virtual Reality,0.771,0.9,0.389,1997,1986-2001,3
6oaidYwGQkwbBbInVjfzAM,Funky Shit,0.704,0.99,0.252,1997,1986-2001,3
2O7IOXYAOhbc8lkMLhKNTz,Only Fear Of Death,0.794,0.714,0.234,1997,1986-2001,3
0m7Cw17B6qJwE58o04CGtd,Ring a Ling,0.754,0.864,0.425,1997,1986-2001,3
0WCRNU56cdFi2iYzqHNKLX,Refuse To Lose,0.893,0.805,0.471,1998,1986-2001,3
2SvothJPMlQFzHYZx8Do5B,Kun Smurffilta suukon mä sain -Vill ha dig-,0.752,0.979,0.484,1998,1986-2001,3
2Qq2O47kcBU3FksKmDSiPn,Fuck Dying,0.737,0.733,0.357,1998,1986-2001,3
0s0OFHxSwE8ik2ekEGppEY,Patin Papukaija -Wamos A La Playa-,0.88,0.865,0.48,1999,1986-2001,3
60IeyLXSsQJpO6hRcgBVdK,Hiekkaan piirretyt sydämet,0.72,0.829,0.456,1999,1986-2001,3
3OVJFweFRF5fYCJbx1dadu,Carte Blanche - David Gravell Remix,0.717,0.719,0.337,1999,1986-2001,3
4FT63J28e8fYclaAvLwNS0,Mask And Da Glock,0.719,0.991,0.344,1999,1986-2001,3
5ITn6PS4RODpPjl75qMG1w,Flute,0.751,0.88,0.399,2000,1986-2001,3
6fTTCwfyAhgiVNY7s1dyGt,Killin' Time,0.704,0.866,0.305,2000,1986-2001,3
37Y7k1wpAMk86TTRrwhIsC,Sweet Bird Of Truth,0.765,0.814,0.405,1986,1971-1985,3
19Z3cl5K6XUKSMRaH9pKtG,Fools Gold - Remastered,0.731,0.875,0.147,1989,1986-2001,3
20qyckJrLZQGQmNb5OmpkJ,My Name Is Prince,0.798,0.942,0.36,1992,1986-2001,3
2QKE6mNJJms7UNgHRRpVk4,Everyday Struggle - 2005 Remaster,0.913,0.712,0.449,1994,1986-2001,3
6ibYIkocjAzJffVtDOLxbQ,Machine Gun Funk - 2006 Remaster,0.841,0.738,0.305,1994,1986-2001,3
1KKhxrAya2nk2BBs6heVey,Night Moves,0.717,0.739,0.361,1994,1986-2001,3
3j8MepYimsCw55JuRz7ZuD,Higher State of Consciousness - Tweekin Acid Funk,0.752,0.929,0.406,1995,1986-2001,3
3k2prwmmkzewQY8sYfxkG4,Do You Like Criminals?,0.751,0.739,0.481,1996,1986-2001,3
5FzU5LMLcdvLzS9TP42zBi,All The Critics In New York,0.731,0.702,0.484,1996,1986-2001,3
1Ia7VpJTEQgWn65WPg0qRE,Revolutionary Woman of The Windmill - Part Primera La Bandolera Del Molino,0.716,0.772,0.463,1996,1986-2001,3
1SrDDrw3ZMElLdnTjvWJOg,Ova Da Wudz,0.79,0.715,0.473,1996,1986-2001,3
7I5MaS7IoUifJh3LfapQl9,Chains,0.812,0.752,0.491,1998,1986-2001,3
2vjgepbkQg5jH8ujrKEOin,Da Art of Storytellin' (Pt. 2),0.719,0.925,0.262,1998,1986-2001,3
6po71PeJnTDHZdqYcFfAY1,Take California,0.749,0.873,0.143,1998,1986-2001,3
0ZdYDCmq8pMqjjPjCJ4XSR,Love Island,0.769,0.987,0.366,1998,1986-2001,3
55Ilqi0tkzElAOqDPixuDU,Into The Void,0.712,0.796,0.361,1999,1986-2001,3
1Iuyh9gpAIylZkoAL10GxT,Big Ego's,0.828,0.81,0.479,1999,1986-2001,3
1ihZ6juKpqxLNHxtH6hPYV,Heart Of Glass - Remix,0.727,0.701,0.476,1999,1986-2001,3
1MuktvR6O02HLN7UBJTvpV,Holy Calamity [Bear Witness II],0.797,0.983,0.374,1999,1986-2001,3
5TLrXoqXMYW9Kw77SUlk62,Let's Get High,0.914,0.853,0.487,1999,1986-2001,3
1qEzcqwjO4BVS04Y0pfwyM,Change the World (feat. Big B),0.834,0.71,0.381,2000,1986-2001,3
444PDY0AH99Pgnq6B9T4pZ,Weekends,0.868,0.775,0.454,2000,1986-2001,3
21pvCJBSp34fC17YHOtw05,Kids,0.768,0.934,0.407,2000,1986-2001,3
13hozhXjwi08xBWHExBEfA,"Hotel, Dulce Hotel",0.783,0.741,0.472,1987,1986-2001,3
4q6G2T3uLleqFvQnTC60NA,Mind Blowin',0.854,0.787,0.488,1989,1986-2001,3
2tfZulvmvVxpeoOdQzNawJ,Baila,0.839,0.75,0.475,1997,1986-2001,3
4oa6IHzssxcN7CnGcOMbhz,Romeo,0.741,0.765,0.49,1999,1986-2001,3
02uGtKXWZmyOk9naSTxBW7,Let Your Body Learn,0.714,0.976,0.0504,1987,1986-2001,3
5IzrPfeSJGPK3PVF2R0okr,"Tuga, Ti I Ja",0.727,0.706,0.447,1989,1986-2001,3
71UXBysc2NgeMQIOeeBhdN,Ice Ice Baby - Live/1991,0.763,0.754,0.164,1991,1986-2001,3
0SIGjFAvKGJOtN5UmFMnpp,Cuando Floresca el Chuño,0.704,0.754,0.21,1991,1986-2001,3
2EZCkNmmQBHyJootJZx4Du,Can You Feel It - New York Extended Dub,0.805,0.822,0.439,1992,1986-2001,3
7kZSE2fOzBt7xpzppDrFXN,Send Me An Angel,0.731,0.988,0.358,1992,1986-2001,3
2oVLE5PvhNzbUOBG7ZbbjS,Mata Oh A Eh,0.803,0.726,0.482,1992,1986-2001,3
0Z7bcNWvNV8VlQF4I0B1cP,El metro,0.78,0.826,0.456,1994,1986-2001,3
2IoVUXkcBf2Yn5yAFjzdiA,Persigueme,0.742,0.988,0.174,1996,1986-2001,3
7hzeu43gNUoHwh5CQrl3Jk,Payaso,0.776,0.896,0.396,1998,1986-2001,3
3hq7aEeoAu0rVsPIeMEATd,Ñapaes,0.705,0.979,0.449,1996,1986-2001,3
1VZ3kmKUU0VHYW6XqfECyW,La Magia de Tus Besos,0.726,0.783,0.404,1996,1986-2001,3
7fmEL0G59gsRip9en009tD,Good Boy,0.776,0.813,0.422,1997,1986-2001,3
0cjavaamK4gxP9iZYw5I2X,Funk Ad,0.724,0.783,0.3,1997,1986-2001,3
33jAjpO5Gu4rOSkkeLkekb,Maximo Exponente,0.701,0.774,0.348,1999,1986-2001,3
4NXneXsos291zm4syqJTQu,חדשות?,0.705,0.78,0.493,1994,1986-2001,3
2yOI8D5DEL3iP7ykof7sCg,הירושימה שלי,0.702,0.771,0.369,1994,1986-2001,3
4uy6dW3p4jLk8WQ1ztwBqo,Frontier Psychiatrist,0.712,0.908,0.408,2000,1986-2001,3
4zTCCvM621Bdq0AJpxPfgX,Amor De Pobre - No Tengo Dinero (Hip-Hop Version),0.931,0.919,0.435,1991,1986-2001,3
3CQfFejKLRTEd5zdj7kKQd,Jump - Extended Mix,0.708,0.759,0.389,1992,1986-2001,3
3ns4NZXqWbXek9aTqfJZUl,El Cubo,0.745,0.964,0.316,1994,1986-2001,3
209IfxiZ8eLDvPFYJGi09Q,Diganme Cual?,0.835,0.747,0.455,1995,1986-2001,3
68xvyj8VGCezLhaDsiWjZ1,Volver a Nacer (La Pops),0.701,0.723,0.496,1999,1986-2001,3
2GCAXwkJTnrtgy82PkQrkJ,The 6th Gate (Dance With the Devil) - Extended,0.807,0.91,0.174,2000,1986-2001,3
5PKFJx9mXZQo84XQsASKrB,Musique Non Stop - 2009 Remaster,0.791,0.916,0.389,1986,1971-1985,3
3KhfoZaQXkN6BomWRMinc8,Boing Boom Tschak - 2009 Remaster,0.805,0.896,0.16,1986,1971-1985,3
3OaFy51sYa6B0l8kmv63BY,It's Ridiculous,0.785,0.716,0.397,1987,1986-2001,3
64RmTfytQUOT73BeNrVlvx,The Sound - Extended Mix,0.804,0.832,0.108,1987,1986-2001,3
5irCzxWLe74MI7ZbSYfmSc,Tied Up - Remastered 2005,0.797,0.934,0.337,1988,1986-2001,3
7DA7wxUtUvJMEXVvWM7Dgf,Voices,0.767,0.768,0.0753,1988,1986-2001,3
5VvzgKP2o891ugh6057WQ6,Straight Outta Compton - Extended Mix,0.79,0.933,0.451,1989,1986-2001,3
3d25oWwILGd5u0hc5Akriz,Kaltes Klares Wasser,0.762,0.892,0.189,1991,1986-2001,3
6dtiPdmZXVPW8s4kh5RDP5,Hail Hail Rock 'N' Roll,0.707,0.805,0.431,1991,1986-2001,3
3BYbyD5lGYWhjiJjziuwFZ,Show Some Love (Rhythm Invention Remix),0.741,0.995,0.157,1992,1986-2001,3
5MVAEKPGOvE2F5YnNUFz8m,Making A Living - Original Mix,0.771,0.841,0.249,1994,1986-2001,3
6Qy2IIzTWeZOUgdPs6Umea,Take Me Baby,0.775,0.88,0.402,1994,1986-2001,3
2CXDYobinFRrI2KR7Sx9ZD,Neva Faded,0.743,0.821,0.28,1994,1986-2001,3
553HOkDZQktOEBKvxTBPS1,Spastik,0.795,0.989,0.0397,1994,1986-2001,3
2yJhionFr012o1DvZvYytF,Mirtį Jaučiu,0.702,0.874,0.464,1996,1986-2001,3
6dabxUHfoWkMBh5cAnfAtj,Only Love Can Break Your Heart - Masters at Work Mix,0.764,0.706,0.464,1996,1986-2001,3
5c3ZNT6iY8Kz6nHBATTeRs,Cornish Acid,0.758,0.942,0.377,1996,1986-2001,3
2PbbWaQk1ex4pC9Gi1cAXR,Vamp,0.705,0.792,0.346,1996,1986-2001,3
1rkCDpUKvtVToCIwwPetBZ,Apostle's Warning,0.824,0.794,0.383,1996,1986-2001,3
4jrnabJuksUnzUfDlv1gIE,Revenge Of The Bomberclad Joint,0.809,0.722,0.473,1996,1986-2001,3
6Mc0SvjQ2By4ZJWdF77M2C,Dance on Vaseline,0.727,0.84,0.464,1997,1986-2001,3
5N8VkEzambxF3o4hAD1bUE,The Hidden Camera,0.733,0.869,0.039,1997,1986-2001,3
4vtSrQhuel5pwCmpWTbADd,Fricote,0.714,0.703,0.399,1997,1986-2001,3
1N3bdxmsu3wimLy3E4d4cf,Take California - Short One,0.713,0.871,0.183,1997,1986-2001,3
1tgpbD2N9JIn3fYjJ57cw3,Kaleidoscope Skies,0.733,0.787,0.213,1997,1986-2001,3
2MsydXki6HdOWRLatP99i9,Mano Naktys,0.886,0.767,0.307,1998,1986-2001,3
23gtNUvzEDg2fBsc81MWNy,Mano Norai,0.788,0.815,0.48,1998,1986-2001,3
3jdYKu4qTVvWRssffrw6hM,The Dream Shatterer - Capital Punishment Mix,0.722,0.811,0.388,1998,1986-2001,3
5Cg6rWlISASMWes3eoK5V0,Stop Bajon,0.743,0.745,0.202,1999,1986-2001,3
4eTR7RuzZx4TlQaArEpfQE,Killer 2000,0.806,0.922,0.287,1999,1986-2001,3
0CaSw0iWr7MlQJ8nvArUfi,"F--k a Hoe (feat. Tom Skeemask, Criminal Manne, DJ Zirk & Kilo G)",0.894,0.714,0.468,1999,1986-2001,3
5K2dFAHgog1G1H0yUuA0V7,Saulės Miestas,0.718,0.832,0.471,2000,1986-2001,3
3G0QErrTRDuEIW8IUYhGf3,Daina Apie Tave,0.757,0.721,0.371,2000,1986-2001,3
5djY6jpVUPvnEFInuuc0HT,"Здравствуй, это я",0.739,0.781,0.467,2000,1986-2001,3
6P904NxAPwCV72BH7qTPCL,Déjame Entrar,0.724,0.703,0.485,1988,1986-2001,3
6UkTcCaLN5BhP75ZgQh0Qs,Serious,0.718,0.734,0.474,1990,1986-2001,3
4GVfHNVVa948I47HzHyA0z,"Caballos, al Trote, al Galope",0.729,0.8,0.276,1992,1986-2001,3
2bzoC7BAarN1ZmFHs8Dhfm,Rio 40 Graus (feat. Fausto Fawcett),0.819,0.811,0.493,1992,1986-2001,3
2FkjWGPw73o4svl2A4t7Yp,Equis,0.702,0.935,0.448,2000,1986-2001,3
5Xwf5vRLZhf8oUzPH6IZlV,Bol To Fór,0.724,0.726,0.414,1987,1986-2001,3
1thwOU6y4Fj7NxvL5uDtk4,046 - und der schrullige Millionär - Teil 15,0.739,0.784,0.309,1989,1986-2001,3
3r4TLViWXedTdrDQ16lOYf,046 - und der schrullige Millionär - Teil 12,0.735,0.702,0.214,1989,1986-2001,3
1GT4uaiwW1hQjqEtRp9oLm,Aj ty!,0.714,0.957,0.322,1990,1986-2001,3
0XOnk14q7IY7DS3bubQM2k,Minuta ticha,0.973,0.966,0.229,1991,1986-2001,3
7a6ZyHpehDXjU3joOI91HJ,"Láska, Pivo, Anjel, Smútok",0.713,0.822,0.391,1992,1986-2001,3
3RIPlXog3YA4qpz8MfyCba,I Wanna be a Hippy - Radio Mix,0.714,0.924,0.496,1995,1986-2001,3
1vj7rNbT9j4CQ51m5n0Aqo,Rebel Warrior,0.704,0.846,0.371,1995,1986-2001,3
23XAZlvv03Sv6hjahGNoox,女兒心,0.701,0.876,0.149,1986,1971-1985,3
1yzUA3LWe6s7eZqGzYXVw5,"憂鬱,你好!",0.812,0.877,0.493,1989,1986-2001,3
1ygeHjYm7eAEKpB2A1JY8U,壯志驕陽,0.753,0.766,0.419,1991,1986-2001,3
0iDQyc1blOlgI1mO2qWsaM,Bow Chi Bow,0.835,0.826,0.221,1992,1986-2001,3
1vrSKozXEvZW1xJnhCNeEI,鐵幕誘惑,0.773,0.869,0.426,1994,1986-2001,3
2SvP6VWIoq4CQ2IbdZEmcU,渴望,0.712,0.82,0.407,1994,1986-2001,3
0i5uul3LEIBbgpCHyRGi6A,鐵幕誘惑,0.773,0.868,0.425,1994,1986-2001,3
4uysSjvmvupjHsFZ3ahdfl,忘記他,0.761,0.716,0.346,1994,1986-2001,3
27mjgyEVBtdJJoDLDC3sz4,真的愛情定可到未來,0.727,0.71,0.451,1994,1986-2001,3
4dPNZxkbfhzxzFnNZfbowh,Cat People,0.757,0.872,0.231,1996,1986-2001,3
507IEtBMvh6ULG1bEXQF3L,這個冬天不太冷,0.706,0.972,0.293,1997,1986-2001,3
0VS1L2R5OqzhsT1vyC7GAD,愛你/不愛你,0.777,0.937,0.425,1998,1986-2001,3
63OdMOYWMSylNHZc7Nwyph,目的地,0.721,0.9,0.487,1999,1986-2001,3
7z2VIKOmlEmyMaipagzInP,Mu Di Di,0.721,0.9,0.487,1999,1986-2001,3
1JVo3jhsiZc2QzfyFdSw65,365 Days,0.722,0.748,0.402,1999,1986-2001,3
2urBHCYo7vtYKi6clKutna,LMF,0.821,0.917,0.269,2000,1986-2001,3
2HOiECLtT5NQzBKZhb5p1s,40º À Sombra,0.741,0.731,0.299,1987,1986-2001,3
1uAhrX0Y85vH8cQoBBZf9Q,Dying Young,0.73,0.759,0.428,1998,1986-2001,3
6UR7ULVZSRHUlZPsbLTKaD,En Dio Kato,0.875,0.73,0.47,1991,1986-2001,3
7rVZBJM0l14CQxqfl1xgxA,Se Poliorkia (Pes Pes),0.741,0.716,0.456,1994,1986-2001,3
0neJ7fCqBGVjZPG4Njguup,Na Tous Do Na Trehoun - Short-Circuit Mix,0.73,0.713,0.455,1995,1986-2001,3
2bwNWaAn0VsYTxBsQXVpb8,I Kardia Mou,0.701,0.795,0.406,1998,1986-2001,3
3LFMMKfzDED8as9JFOcmS7,To Doro Tou Kaisara,0.785,0.797,0.375,1999,1986-2001,3
5PhOjMHHUW81fpiXuMCnkz,Proti Mou Fora,0.757,0.84,0.474,2000,1986-2001,3
4cQ4uc9psVcYC2S89nd7JG,Doctor Jones,0.709,0.911,0.453,1997,1986-2001,3
1yshNtExWJOfvjfvUqGcnu,"Comprendes, Mendes?",0.84,0.714,0.34,1997,1986-2001,3
2sNJyLDDk7WXLtr1XpgjVY,Spin Spin Sugar - Armands Dark Garage Mix,0.767,0.949,0.484,1997,1986-2001,3
55iidKcV7570jUzlockime,Party Up,0.741,0.921,0.447,1999,1986-2001,3
6196XmWkG3moPVDyqWmJlx,Ne Fais Pas Ça,0.75,0.808,0.111,1999,1986-2001,3
3tHEJsKdVY8mg7YGDpUIFM,The Next Episode - Album Version (Edited),0.917,0.826,0.334,1999,1986-2001,3
7pwBWXciUDqOyIvtj82Wcn,Doctor Jones,0.702,0.922,0.469,1997,1986-2001,3
1SRZGlXELF0rpaZ6rVURCp,(X-Ray) Follow Me (feat. The Grim Reaper),0.831,0.959,0.214,1998,1986-2001,3
1D0ZkOotE4jrA9eQijYU32,Flames,0.707,0.726,0.371,1999,1986-2001,3
3BeN7oyr3fVxEXVOsqaw9S,Uanset hvad I siger,0.839,0.779,0.488,1999,1986-2001,3
6U9F7x5w4kp1hA1nM9t5I3,Train,0.721,0.754,0.304,2000,1986-2001,3
0IYEeFCq0s69pblANmQzpb,Where Are You,0.754,0.824,0.298,2000,1986-2001,3
0DNfC1pr3taF8tCnOoijji,Radion Ska' Kneppas,0.902,0.834,0.339,2000,1986-2001,3
6ZSlMnjAvvRqpfN8UwpV9y,Dog's Gonna Getcha,0.775,0.713,0.146,1991,1986-2001,3
4rcKkyrC9ODuAPwdB468Uj,Switchstance,0.739,0.931,0.381,1997,1986-2001,3
5dpRbFrF6rYV4M2k8UziZz,Good to Be on the Road Back Home Again,0.706,0.738,0.488,1997,1986-2001,3
47YKlUFr2fW7kkrcNUIEgP,Toppurinn,0.847,0.754,0.49,1999,1986-2001,3
2oVQepJnJyiSW2CvWmKRyH,เพลงเพื่อคุณ,0.708,0.838,0.378,1987,1986-2001,3
7lD5HoB2xLW9Ug2Ir6YBrn,045 - Unternehmen Grüne Hölle - Teil 24,0.706,0.918,0.415,1987,1986-2001,3
7e5yTZrIIVfWcwb6GnEnKK,ถึกควายทุย 9,0.739,0.72,0.382,1988,1986-2001,3
1H35bEv4x6WGHfIbsdKDIt,057 - Jagt das rote Geisterauto! - Teil 09,0.75,0.745,0.491,1988,1986-2001,3
0qK8ZNMRml1zQrJZeozwTw,064 - Schwarze Pest aus Indien - Teil 14,0.709,0.821,0.468,1989,1986-2001,3
7wltO5dmURDawoJonX4msC,Padaharella Vayasu,0.755,0.853,0.341,1989,1986-2001,3
7ckKTY3M0FqjizIgulwjq7,Baño De Mujeres,0.752,0.897,0.491,1990,1986-2001,3
1TdSYZsOBWyrXD3UUTBymB,Because the Night - T.L.S. Mix,0.717,0.729,0.413,1992,1986-2001,3
5wV0mDcPX87Zq9vj7EXaeh,Kapitel 14 - Die Wildpferde - Teil 2 (Folge 014),0.783,0.708,0.282,1992,1986-2001,3
0uk1O12Jr6SzJALFksSJto,Te cuida coração,0.736,0.709,0.473,1994,1986-2001,3
53397UqQEFWJ5VVWXvb0uJ,A Culpa é de Quem,0.882,0.77,0.266,1995,1986-2001,3
5n8ZiSMsWM5AaOTgDjk3jX,พรุ่งนี้ (จะไปกับเธอ),0.704,0.883,0.305,1996,1986-2001,3
2M0o3Yub6QpWig2ViPVSBh,Duende,0.708,0.704,0.118,1996,1986-2001,3
5G5CyVi2k1W53DxbAIroL8,Hello Doctor,0.808,0.888,0.477,1996,1986-2001,3
48PpxEV1oDVUyskDXNQAWK,Canlardır,0.734,0.773,0.433,1997,1986-2001,3
7yz4nIEiL3jZBo1fjJ3Jij,Criado Em Galpão,0.794,0.767,0.479,1998,1986-2001,3
7rTguDSJJIlNzvujlGsv9y,อยู่ในใจ,0.757,0.769,0.337,2000,1986-2001,3
1WUpkyQ0VtXry1yj6ksWil,"Tied Up - 7"" Version",0.747,0.83,0.483,1992,1986-2001,3
0rgeOwpAaFdvFJmZ7QRfbS,Alt Som Ikke Dreper,0.793,0.773,0.372,2000,1986-2001,3
0zWm18Kt0r8w98fkN7ZI1x,El fin del mundo,0.73,0.727,0.352,1986,1971-1985,3
6PNNOdL931GMgOAVQt0cDY,Trabajando para Dios,0.712,0.989,0.454,1989,1986-2001,3
6aJW9GWbWRZuiKW5NU3iUE,A.M.V. - Agrupación mujeres violentas,0.708,0.987,0.21,1989,1986-2001,3
0dXTp1RIsU9dvFJBr4aAID,Provócame,0.74,0.845,0.485,1990,1986-2001,3
0VnZcjwgwWcCnYFvsYQeWy,I Believe (Radio Edit),0.786,0.877,0.228,1994,1986-2001,3
3uQjkEdsBvz67cefl7FrHq,Hey-A-Wa,0.786,0.965,0.492,1995,1986-2001,3
2VY20LS1h4g7NcX5s8wq0Z,Fuck Up Beats,0.717,0.949,0.275,1995,1986-2001,3
5T646Jkn3szxMCmqV12wth,Seven Days and One Week - Club Mix,0.822,0.865,0.379,1996,1986-2001,3
6ckx6zPSeaiZDmP5tnOBXZ,Colgado,0.703,0.804,0.416,1996,1986-2001,3
3d8CnGa7TtZXsKM5zDOhKy,Oxygene - Hard Rave Version,0.762,0.972,0.464,1997,1986-2001,3
1yUiVGSfdZkk46WOdRYUTL,Peces Mutantes,0.705,0.705,0.214,1997,1986-2001,3
2t4rVLOWXfQbcCBU2m7u2U,En un Mercedes Blanco (with Martirio),0.738,0.728,0.482,1998,1986-2001,3
5ub3J39KB6UH1gLGEoFks1,Hale Bopp,0.789,0.989,0.309,1998,1986-2001,3
6mfswCwl4urpsk9ANXJ2gU,Mi Morena,0.709,0.745,0.362,1999,1986-2001,3
66FnI8wobywcs8F7yVtiNf,Land of the Living - Radio Mix,0.787,0.8,0.495,2000,1986-2001,3
4MrfLOGRO4mt63iogt6g4I,Living a Lie,0.714,0.913,0.342,2000,1986-2001,3
5UHWEkDaVc5uiPoW6BZ3p1,Човекът Змия,0.749,0.899,0.472,1991,1986-2001,3
5nyoBFZpN6miTIrBeNJtyB,Taste It,0.732,0.729,0.487,1992,1986-2001,3
5cyUiyJ9ZtQfnvFU2y31RC,Morphine,0.888,0.933,0.176,1997,1986-2001,3
4Q5ifu2kG0fG8Dl2bcYzq5,"It's Alright, I Feel It",0.724,0.906,0.444,1997,1986-2001,3
7fWG7x8Df1KHrT85nt1019,Always There - David Morales Remix,0.712,0.724,0.365,2000,1986-2001,3
4597TMVKNa2uAuwEWBqxzc,Go-San-Do - The Holivic Mix,0.924,0.933,0.307,1993,1986-2001,3
7uaAUpwfKg7GEmCZ7GaGG6,Zulu - Change Mix,0.884,0.702,0.294,1993,1986-2001,3
3bnX6J2heDwJcMW01WYupB,Zulu - Change Mix,0.885,0.705,0.3,1994,1986-2001,3
6uOthLRQMN4rYQ2x2VK2bU,Tumba La Casa,0.773,0.933,0.34,1996,1986-2001,3
7ucDgcmAHDBgvm3nCNTD5d,Las Mujeres Estan..,0.735,0.913,0.485,1996,1986-2001,3
3JtGWIj49HVe7H2PUCaiOA,No controles,0.737,0.906,0.486,1996,1986-2001,3
6eiOl1QC4cuEuTUcM0sNpR,Mueve La Cadera (Move Your Body) [feat. The Mad Stuntman],0.777,0.795,0.462,1996,1986-2001,3
4CasxFiIFuqHNPbQjBGU3h,Feel It,0.857,0.901,0.466,1998,1986-2001,3
0aK7fOPuGioa4UwEP636PS,Tumba La Casa,0.744,0.936,0.376,1999,1986-2001,3
1oa6Yu9X9Z2aeaipmZk89O,Abone,0.834,0.712,0.159,1992,1986-2001,3
1d750sZuIGbB5qg6oWTqiZ,Taksit Taksit,0.806,0.716,0.174,1992,1986-2001,3
3T3J9a6mVperUSHrXfd7dy,Okulu Asardım,0.711,0.707,0.466,1994,1986-2001,3
0VTpGy4PPZvNfiM89YgBHv,Takmayacaksın,0.757,0.841,0.459,1995,1986-2001,3
3fZOYQRjYZoJCyPnIYrZOr,Var misin?,0.715,0.8,0.479,1996,1986-2001,3
2zynHTloqJkFxfc3zpb1Ht,Helal Ettim Hakkımı,0.739,0.705,0.401,1997,1986-2001,3
0ONfMZR2TmogJVZ2qc0Vay,Kalaşnikof,0.72,0.747,0.256,1997,1986-2001,3
3MZ917vriyRbhxxJD3FlA4,Geri Dönemem,0.802,0.745,0.47,1997,1986-2001,3
3bSTmpSPkQzH1zdYMGEBUh,Anadolu Benim - Esmerliğim Sonradan,0.704,0.78,0.485,1999,1986-2001,3
7yA3oDrONTAKQhsk8WcCZs,Yalanın Batsın,0.724,0.796,0.47,2000,1986-2001,3
4qXcrhhTJheiDpa7zsK8bU,Unut Sevme,0.786,0.952,0.422,2000,1986-2001,3
0whhNDwpxiE1V1IuHpaMow,We Want Some Pxssy (Liberty City Long Hard Mix Live In Berlin),0.965,0.911,0.294,1986,1971-1985,3
11sLVJBDbz3pq2oyzUp5WZ,House of God - 1991 Original Italian Remix,0.824,0.719,0.23,1990,1986-2001,3
040PTbXVCqpP8LLj2Ooen9,Marijke,0.749,0.734,0.304,1992,1986-2001,3
5WWiWCsCZ0PSsMnYrdcBYY,Woops - Original Remastered Mix,0.768,0.99,0.296,1993,1986-2001,3
6U8WHvA67rHjgsq5QV291B,Soushkin - Original Remastered Mix,0.714,0.891,0.106,1993,1986-2001,3
53dNbAJUwAsJHvnnYN6R4U,Desert Storm,0.744,0.833,0.344,1994,1986-2001,3
4OzEkjm7wCTmRG14vnsaRx,Dansen in de regen,0.724,0.783,0.491,1994,1986-2001,3
50mf5MGiYq7C4bw1vAj2Ls,Man in the Mirror,0.794,0.798,0.265,1995,1986-2001,3
29xW8wGQB9vGX5kcifRvwS,Bad,0.802,0.869,0.339,1995,1986-2001,3
7t93oVbfAHDPR6XIFMff72,The Orange Theme - Original Version,0.753,0.96,0.442,1995,1986-2001,3
5uiEcP4yIPCi2e17MJsgIN,Superstring - Rank 1 Remix,0.728,0.854,0.398,1995,1986-2001,3
0rTdhh80L2QctJ8qTgCQ5h,Techno Cat - Dance Like Your Dad Short Mix,0.795,0.858,0.182,1995,1986-2001,3
4mK08hhO39X560jXQAr2QE,Techno Cat - Single Cut Mix,0.805,0.874,0.191,1995,1986-2001,3
0rX5wvlgY27bEtijvZQbfY,De Mooiste Dag,0.825,0.722,0.326,1996,1986-2001,3
6GhGfswcFrE3W97fp3yANN,Cowboys En Indianen,0.738,0.722,0.427,1996,1986-2001,3
66tI5HAh9muVQO5iKqHplD,Da Beat Goes - Radio Version,0.832,0.887,0.405,1996,1986-2001,3
1uFzMDEwgAl1mUb1G88sOt,Marijke,0.749,0.734,0.304,1996,1986-2001,3
4SZcItL68InP06YEY4ITw7,Man on Mars - DJ Jan Remix,0.846,0.787,0.231,1997,1986-2001,3
7L3KTNiCJcKWsDzKKkbOxC,Encore Une Fois,0.893,0.928,0.445,1997,1986-2001,3
4L1EUG7G5Af6u5kcYI8s2c,Instant Moments - Moederoverste Onie Mix,0.819,0.776,0.378,1997,1986-2001,3
1no1RWIahrxPdcHH9uRvGk,Free - Mood II Swing Extended Vocal Mix,0.772,0.823,0.29,1997,1986-2001,3
4mP0KPTTkAzn0O7UNxhhmH,Pulverturm (Original),0.79,0.793,0.418,1998,1986-2001,3
5ZieRw5ljRCEgJl1UERIGD,Taboo Bells - Voodoo Mix,0.787,0.716,0.144,1998,1986-2001,3
5ctHFic58DTczsZdgSwpMe,Flashback,0.731,0.961,0.467,1998,1986-2001,3
68ZIkMzA5L8ws1SuEIiyHH,Paranoid in Moscow - Torpedo Mix,0.714,0.95,0.248,1998,1986-2001,3
0cB7zFIBvcpoTPwbg0bUO0,Le chant des druides,0.756,0.704,0.34,1998,1986-2001,3
4cl2QhPOdaHssRsFywH9h3,Liquid Skies - Eternia Audio Lab Mix,0.754,0.931,0.19,1998,1986-2001,3
21dA7sblX3CNfUCgLNEo4i,"La Vache - Praga Khan 7"" Vocal Version",0.707,0.804,0.492,1999,1986-2001,3
7Lv3Ca6dzUQVR5hCTNKoRV,Et si ... ?,0.706,0.784,0.484,1999,1986-2001,3
6CdgkSWJyGUCJMgfwFAG05,Blow Up the Speakers - Vocal Radio Edit,0.746,0.892,0.141,2000,1986-2001,3
2g7n6cab89LbDDXkhp9FgQ,Embargo,0.804,0.743,0.108,2000,1986-2001,3
1Alvr3DrAv6RO0KMxQ859e,Lovely Flight,0.795,0.831,0.497,2000,1986-2001,3
46mo6nPNxatdMGeZVew0eU,Дели,0.701,0.753,0.345,1991,1986-2001,3
2fqpaAJaExGJJs3Fdm8ueS,Делай как я,0.717,0.756,0.306,1992,1986-2001,3
3soRuB7YRdCXqvoqLD3F0V,Roll Down Di Rubber Man,0.705,0.747,0.495,1992,1986-2001,3
6YYpUy02RSKaVukoDgoKZo,"Не улетай, любовь",0.762,0.859,0.432,1992,1986-2001,3
2Qrk8GjBhZm4vyGWXFc0QV,Мне сказали слово,0.701,0.711,0.47,1994,1986-2001,3
4ys9Ida47gyfgtzYy3Actv,Legend In My Spare Time,0.862,0.825,0.479,1995,1986-2001,3
4rBMRedsl5cXXSudWf0dnd,Что Случилось Этой Весной,0.717,0.765,0.255,1996,1986-2001,3
3iG6p8EjezuRFX6e3ZY5r2,Bad Ass !,0.718,0.861,0.489,1996,1986-2001,3
6NDywhYlDqeG7uAxggTYyj,Черный вурдалак,0.747,0.776,0.463,1997,1986-2001,3
1gWF09vw9nehr3wKpvh3DC,Теща - Remix,0.724,0.971,0.202,1997,1986-2001,3
0VykUDlLOxXp0iqXppnedh,Shirushi-O-Chodai - Beats,0.795,0.829,0.443,1998,1986-2001,3
1lWVnJhq2BWia6MCFluSxN,Shirushi-O-Chodai - Original Mix,0.839,0.799,0.373,1998,1986-2001,3
23Mxx8L7ADi6ENNPdddW8P,Джимми (Remix),0.714,0.816,0.435,1998,1986-2001,3
48flzCxfWdEOBn4rD7oLfx,ЮАЮ - Remix,0.769,0.926,0.412,1999,1986-2001,3
7aa5h4OAM56GtLdBnTiXNe,Mai dire mai,0.73,0.846,0.422,1987,1986-2001,3
462qOKBAv2FTwm67TBUg8x,Denis,0.725,0.702,0.419,1990,1986-2001,3
4amgpYQtrfDVzfJsoAF3FD,We All Need Love,0.732,0.816,0.486,1992,1986-2001,3
5ecW2KvEKLZJ0SWo8gD5tY,Nato per rappare,0.854,0.725,0.4,1993,1986-2001,3
1SwMpHQDKJs4umheqAFXzc,Automatik Sex - Germany Mix,0.793,0.709,0.139,1996,1986-2001,3
0QukEPYNgWaMTexd1m9MjE,Strappali e scuotili,0.831,0.729,0.459,1997,1986-2001,3
49wBnnse1tA8iEJ5llyZzF,'68,0.805,0.731,0.302,1997,1986-2001,3
6W27vjxwBnZ4uBloMtw9YU,Un'emergenza d'amore,0.741,0.72,0.405,1998,1986-2001,3
2l8dUDkq0ArVNgO8oQnslf,The Music I Like,0.778,0.925,0.311,1998,1986-2001,3
0aAaHdRPJ9mY17UMaW1RnW,Black Athena,0.781,0.88,0.497,1998,1986-2001,3
2gKxLO0ERTS1PnoDaOOzhL,Solo Fumo,0.735,0.841,0.467,1998,1986-2001,3
04tDMG8R5RGomdVeECRtjn,Goodbye,0.725,0.946,0.498,1999,1986-2001,3
472xUo8d0mWEx1FIGtW85S,Cuba Libre,0.855,0.832,0.0481,1999,1986-2001,3
4bbSuTmXWaZLglONQavmrA,Crilu',0.804,0.868,0.428,1999,1986-2001,3
1dIxwd0M3hXEcS9DzmgRFg,Sovrappensiero,0.727,0.741,0.464,1999,1986-2001,3
0EKvfPORxKDoXqbAgT4N4s,Magic Fett - Original Mix,0.752,0.758,0.262,2000,1986-2001,3
0V0QbFhPGsPzFzkoHl1xyS,Baba,0.788,0.769,0.422,1991,1986-2001,3
28v5XsF5Weg0SeXK3xSKcV,I Know - '92 TV Edit,0.703,0.754,0.408,1992,1986-2001,3
5vmq0z6tf18AoGoQwwnt7J,Rhythm Si Jantung Hati,0.701,0.762,0.44,1995,1986-2001,3
60O9jcwbTjZe1Z4b6Iq7iN,Porcos Fardados / Bicho Feroz (Música Incidental),0.889,0.751,0.381,1995,1986-2001,3
2skMlpavOCLm4ByvF3q1vK,Hata Saawan Ki Ghata,0.755,0.772,0.412,1999,1986-2001,3
4aopxW7K2VA50uMg3Cda3c,Hello Brother,0.735,0.789,0.243,1999,1986-2001,3
22YCSTaxWdCdC5J16GeOl1,嫁尪,0.889,0.734,0.254,1989,1986-2001,3
3YScQoSeZuaBrcxOFmIqis,等不到深夜 - Remastered,0.708,0.707,0.493,1991,1986-2001,3
18u8jaNcbrNrLWd5RxKoOD,全新的自己,0.708,0.777,0.436,1991,1986-2001,3
6nnlendt5oyx5f1gcHRCXu,Chicism,0.78,0.922,0.459,1992,1986-2001,3
71evvEvtWjdzSrqbBxE0Qu,It's A Party,0.738,0.784,0.371,1996,1986-2001,3
0FoKrusQ7yxiK3sMCvOgBy,再會吧! 心上人,0.745,0.707,0.392,1998,1986-2001,3
3vQfcQCmwZ2kX8QVVdaV6H,Automatic - Johnny Vicious Remix,0.754,0.758,0.378,1999,1986-2001,3
2v6Ejx69gdL0IladTSEw4k,Dirty Ol' Man,0.718,0.801,0.421,1996,1986-2001,3
6oqd58IIKtyM5KOxEQGgNW,La Vorbitor,0.849,0.863,0.0834,1998,1986-2001,3
0mPF3Vy3kM1iG5eQGHKeby,Ai grija de smenaru' tau,0.71,0.735,0.445,1998,1986-2001,3
4m0vqfIFmnfh8mE87Zhjn3,Băieți De Cartier - Remix,0.773,0.821,0.373,1998,1986-2001,3
4VDdu7rZHtSExoRrSJSRIr,The Trumpet Part II,0.728,0.881,0.356,1999,1986-2001,3
1dsfGuh5vGiYyeTOnsXzz8,Marea,0.822,0.937,0.373,1999,1986-2001,3
0xefBOvmRNyLqBQPJ4hFjC,Carolina,0.818,0.873,0.436,2000,1986-2001,3
4ZbWO39liYwntlzWcW5itO,Cade Greu,0.809,0.903,0.495,2000,1986-2001,3
56nxDCeyKt2OW3XFWEucvz,"Vreau Să Te Uit, Pt. 1",0.755,0.759,0.475,2000,1986-2001,3
3O86xJEnZySjwPpNSpwkWX,Unii Sug P#*@,0.769,0.755,0.409,2000,1986-2001,3
3IUNJ1GnU7lBG1Y3x8iBpn,Cade Greu,0.809,0.903,0.496,2000,1986-2001,3
6FfdQJ9HJcJAvsPVIyoGZ5,Rico Suave,0.798,0.817,0.446,1991,1986-2001,3
3n8UBrt2dpMAPMkemE1FrM,Metamorfosis,0.723,0.758,0.406,1996,1986-2001,3
10qNEf2NZ9ZfX1MZwCyim7,Andamos Armados,0.789,0.965,0.392,1997,1986-2001,3
49NyAaqgD1KExP3L9IgqT8,Niño Bomba,0.73,0.775,0.491,1998,1986-2001,3
6U1WJ8VNn9AAgrjfetaTYK,Bobeou Dançou,0.71,0.908,0.418,1989,1986-2001,3
14fPzuDKbNNryAV8ySnv1S,Folha Solta,0.708,0.779,0.258,1995,1986-2001,3
6KG6BNUU3Fc3GSZQIEhoct,Oia O Rappa,0.717,0.984,0.0494,1996,1986-2001,3
6rG27UkyWVcBXIHtroteuu,Hip Hop Rio,0.817,0.962,0.482,1997,1986-2001,3
2hTWIiwLy4DqkXpvQeoChO,Vontade Doida,0.73,0.924,0.467,1997,1986-2001,3
7ryjyxyugjtHUHuL4yquXc,Carrossel De Emoções,0.719,0.974,0.467,1999,1986-2001,3
3QV6tiuXuf1ELeh963sbD1,"Meu Amor, Meu Bem, Me Ame",0.72,0.723,0.463,1999,1986-2001,3
5bM7js02Uazq6sHaM7IQFO,Mean Green Mother From Outerspace,0.706,0.843,0.386,1986,1971-1985,3
34Oyuo4A14MRdn8auc0cix,Perpetual Dawn,0.798,0.786,0.38,1991,1986-2001,3
3BzEbFTHvTlr3Msdx19CdJ,Give It Up - Batucada,0.723,0.958,0.245,1992,1986-2001,3
7cczaN8rKLcNnE1pOz3COT,High - Original Mix,0.731,0.984,0.473,1996,1986-2001,3
6UV0ZF75H9hUOB4bHb2f8G,Sugar Is Sweeter - Armand Van Helden's Drum 'n' Bass Mix,0.736,0.8,0.182,1996,1986-2001,3
3oUaDxWbRHZls0gyZZ7bDZ,U Sure Do,0.702,0.854,0.4,1997,1986-2001,3
1e7dNoyDnGH6QbR01djVGy,Beachball - Original Club Mix,0.821,0.805,0.403,1997,1986-2001,3
3LGj2SUZnY6Ouc3lvxtore,9 PM (Till I Come) - Remixes - Sequential One Remix,0.777,0.703,0.387,1998,1986-2001,3
5Ffv62xRk4o9wjZZfRHm8q,The Launch - Original Mix,0.727,0.999,0.121,1999,1986-2001,3
1YnzvkqzoV8IN7D7VJT5q6,The Rising Sun - Danny Tenaglia Remix,0.799,0.891,0.166,1999,1986-2001,3
4YpRUXATQnOh53dNWneMLG,Moordenaars,0.737,0.843,0.42,1992,1986-2001,3
32kWu9IvkaCiQotcA0rJBa,Its My Life,0.717,0.955,0.426,1992,1986-2001,3
0vbuyKmUCo6Y1eJwXk1dM3,Parada de Tettas - XXL,0.752,0.843,0.49,1997,1986-2001,3
0YCFgPVa3cap6Z8fjR9xg0,De Klokkenluiders,0.707,0.744,0.339,1998,1986-2001,3
41F97acqBc7aMzwD224kRR,Beat the Street,0.836,0.711,0.482,1989,1986-2001,3
63kd9Zw81auMyv5auber0I,"Le Repos, c'est la santé",0.718,0.838,0.327,1993,1986-2001,3
4V0FHVVLAVvYttLNHKx3cF,Plus vite que les balles,0.714,0.859,0.457,1994,1986-2001,3
000d0lQMYaRR5ZXS9nTeiN,Paris sous les bombes,0.826,0.827,0.49,1995,1986-2001,3
0BLSsQRWAlF3VllyR81yEm,Regarde-moi,0.709,0.845,0.474,1995,1986-2001,3
7pE82WAJZ0n6EqgBOEh0k8,Arrête de mentir (feat. Arsenik),0.753,0.719,0.478,1996,1986-2001,3
39kew6ufRcqRTCtI3y0Tq6,Shimmy Shake,0.777,0.975,0.454,1997,1986-2001,3
3nbUqqOW1TeQEETHwLz9n7,J'rap pour les mino(rités),0.809,0.721,0.417,1998,1986-2001,3
4oViF5iyFKl4XopYIxVPnU,Le sum,0.732,0.72,0.328,1998,1986-2001,3
1254XDkTc0awCOMTkp7jyp,De Best,0.748,0.754,0.32,1998,1986-2001,3
3VCQ75ZB0P76Y89qU5j66a,Bullet Proof,0.73,0.795,0.372,1998,1986-2001,3
43yQiATsXbfGkY7kKj40iM,La Mouche (DJ Falcon Metal Mix),0.756,0.897,0.398,1999,1986-2001,3
58bujOIfUlttT4VVrmLM6d,Loin du compte (1999),0.731,0.726,0.455,1999,1986-2001,3
0FLtSlQW2Zu9IYCXPefX4R,Mauvais oeil,0.747,0.877,0.382,2000,1986-2001,3
16YXfPrJmS4hdWlSIpTCID,Funky Drummer - Bonus Beat Reprise,0.76,0.709,0.147,1986,1971-1985,3
0KUJ1RLzab3hAB1ttlnSga,Gotta Love,0.753,0.737,0.365,1991,1986-2001,3
4mCjX5mra7OanoBbCR2B2y,My Name Is Prince,0.797,0.942,0.363,1992,1986-2001,3
2yJCZ4b5v5vT0iqAs9LuS5,1-Luv (feat. Leviti),0.806,0.746,0.417,1995,1986-2001,3
3p1oRfbN2RrDdSyG8S7itI,"The Gangsta, The Killa And The Dope Dealer",0.805,0.737,0.486,1996,1986-2001,3
4h2ivHk1DOadWS1rBpeQAy,Break 'Em Off Somethin',0.798,0.735,0.463,1996,1986-2001,3
3QYl6PkNtCVIX5IDKLVBRB,How Many Times?,0.754,0.757,0.489,1997,1986-2001,3
4icIWz2jQbEbeIYVWDfTZa,A Week Ago,0.799,0.719,0.306,1998,1986-2001,3
4olIhlVymheWWFZmanLc84,Rosa Parks - Radio Version,0.781,0.766,0.206,1998,1986-2001,3
3F7qlcSxtnUQVAtE56cvpO,North Memphis,0.704,0.732,0.448,1999,1986-2001,3
7grWRRQdiBWxm5RJO1i9V4,I Want a Dog - 2001 Remaster,0.71,0.869,0.447,1988,1986-2001,3
10TzQsBBfujdh9CMLLJsR3,Better Days - Sasha Remix,0.709,0.735,0.273,1989,1986-2001,3
1u7qO9C2Ip8PrKyjz8F4R3,Luv Dancin' - In Deep Mix,0.758,0.87,0.424,1990,1986-2001,3
0PswhfztcdmfYDqfoGMqc4,Burn Hollywood Burn,0.772,0.906,0.371,1990,1986-2001,3
7LHCsxtZf23uTUZItk4iXd,Thunder,0.716,0.821,0.497,1991,1986-2001,3
3Cg0TgAFloolCYYtAkyyYa,Carry On,0.729,0.753,0.468,1992,1986-2001,3
1yUl2G3VJdkidTqXWBt2UD,Flute Loop,0.804,0.786,0.263,1994,1986-2001,3
24BUlIVBzKdXePQWfzKNM8,"Alfil, Ella No Cambia Nada",0.701,0.936,0.429,1986,1971-1985,3
4cRNFCI4Qt7FvuYkaRZ1f4,La Mirada De Freud,0.783,0.862,0.389,1986,1971-1985,3
0IJJbFnfAFQIHUtIQZkEje,Los Sueños Y Las Guerras,0.717,0.774,0.419,1989,1986-2001,3
6uuXBpgmDEeILy8fgnlMVB,La Calma,0.758,0.81,0.388,1997,1986-2001,3
13sDZM71JfjvgrY7npp46c,Serious - Single Edit,0.702,0.706,0.383,1998,1986-2001,3
6edMsrAmiipKjA0W1Iu4ZC,Rezonancia,0.757,0.743,0.318,1999,1986-2001,3
1JaRbE9iSgzAWz4A2TUMFB,Chiki-Chiki - Radio Version,0.705,0.956,0.379,2000,1986-2001,3
2vhgLgrhTm7uUKo4hmWFqn,Píntame Bolivia,0.739,0.89,0.382,1998,1986-2001,3
2VvQWgMNwzwy9Bl1tZxn69,Die drei ??? 47 - und der giftige Gockel - Teil 20,0.746,0.741,0.472,1989,1986-2001,3
2Qg86c7LV1jZUi2xOUawT7,048 - und die gefährlichen Fässer - Teil 27,0.724,0.757,0.356,1989,1986-2001,3
2TpykXfYPnWG9Wa4JC689I,048 - und die gefährlichen Fässer - Teil 32,0.713,0.857,0.229,1989,1986-2001,3
5Pza1P4XGnqdBGZ7Iq2t4o,Zuhause bei Caroline (1. Teil),0.701,0.781,0.314,1989,1986-2001,3
42OnwOgSt6Wi1lNDmsiMZr,Pippi im Taka-Tuka-Land - Hörspiel zum Film - Teil 21,0.792,0.881,0.456,1989,1986-2001,3
10S5UgYaYG4ajQFg7XNRr9,050 - und der verschwundene Filmstar - Teil 05,0.744,0.717,0.443,1991,1986-2001,3
4AVqYvJADWxnYuv5Ohu1wd,052 - und die Musikpiraten - Teil 25,0.71,0.715,0.44,1991,1986-2001,3
4O4tCsGmEGRgEX6bGjkeIC,Jungle Bill,0.711,0.778,0.479,1991,1986-2001,3
0yRE4hLx2FadV8x1fsLWN5,S' gaat wiiter mit De Nachbar vom 'Chnollehof',0.741,0.885,0.397,1992,1986-2001,3
4JW8e4ZEElsHJcqoQuDWok,054 - Gefahr im Verzug - Teil 21,0.819,0.709,0.442,1992,1986-2001,3
0OzwBY9rp8KNYaA5kAonoS,En Ibrächer i de Leihkassebank,0.726,0.918,0.48,1993,1986-2001,3
3OhxxVNwqJ71rRF7rsOixJ,Das Boot,0.711,0.716,0.482,1998,1986-2001,3
5rEmQUPGVYI67RAUfTE8Jf,082 - Die Karten des Bösen - Teil 27,0.704,0.751,0.437,1998,1986-2001,3
7qQFwiVSqwg47CNCf7DN4K,Nachtschattengewächs - Radio Version,0.745,0.755,0.405,1999,1986-2001,3
60NRujE2tkBEOuqw5ORce8,087 - Wolfsgesicht - Teil 37,0.715,0.774,0.369,1999,1986-2001,3
76LIYXBETh3PyHoNUufycb,The Floor,0.796,0.838,0.388,1993,1986-2001,3
2qXPtsP8KlbGeqAsWSdX22,In Your Room,0.736,0.719,0.355,1994,1986-2001,3
7lPCezYkZbEVkxbciTBVpb,Beachball (Extended Vocal Mix),0.831,0.865,0.313,1997,1986-2001,3
1p9KOKnAJeXfzuy78sreba,022 - ...und die Museumsbande - Teil 38,0.705,0.742,0.473,1988,1986-2001,3
23KVPbVTY7dpHKGWDh4010,Michel bringt die Welt in Ordnung - Teil 19,0.758,0.929,0.0362,1989,1986-2001,3
1PfebaqCYcs2yX9OyDYCsT,080 - Weißes Gift im Nachtexpress - Teil 14,0.746,0.778,0.414,1991,1986-2001,3
6nugvoTIfiGuCCVEux72NX,Schall,0.788,0.748,0.28,1996,1986-2001,3
1AdaPHy7GnLUj19kneeNaS,I Have a Dream - Video Mix,0.721,0.886,0.337,1996,1986-2001,3
4AvYEERTtNN5nnFwJEcAPn,089 - Tödliche Spur - Teil 29,0.708,0.714,0.439,2000,1986-2001,3
49Yx2U3xO1XwEfld2lAA6H,092 - Todesflug - Teil 08,0.717,0.741,0.301,2000,1986-2001,3
5lr4M2JMH5FW7g6i9CcePQ,Ohr-Troubles (Prinz Charles),0.756,0.894,0.323,1987,1986-2001,3
2GTl01aKFKpSjjKhLEZzph,Es fährt kein Zug,0.775,0.884,0.482,1990,1986-2001,3
43R7gMW67czCt50ene6phW,Tek je 12 sati,0.783,0.936,0.488,1994,1986-2001,3
26To6foFzcmZNSjpwOuDBp,House Phone - 2009 Remaster,0.773,0.978,0.416,1986,1971-1985,3
2ayzqZ08hfaZX3huinfunu,Boing Boom Tschak - 2009 Remaster,0.801,0.897,0.16,1986,1971-1985,3
2bTPyNV908n737R8WUXjhg,Érezd a ritmust! (radio cut),0.706,0.937,0.23,1998,1986-2001,3
4jMv2rCKUWSbKqf6UhRueV,Kozmix A Házban,0.729,0.989,0.277,1999,1986-2001,3
5ejOncGwigtArJlX5v4vNF,Mindenki,0.761,0.794,0.491,1999,1986-2001,3
38gqkVBKxCvU7uK9XKl69q,Super Dancer,0.701,0.717,0.454,1987,1986-2001,3
7FNiiwG3XS323HaDKJ6wHB,V7T01 Dhevanukke Magimai,0.724,0.712,0.468,1990,1986-2001,3
0G8GWYXDmrHEHQGllFP94Q,Amma Dekh Tera Munda,0.785,0.971,0.469,1994,1986-2001,3
1eA9uzsUKuEWPuY7pQpXLR,Chupke Chupke Ghoor Na Mujhko,0.83,0.946,0.423,1995,1986-2001,3
6NylTH0i2C7Wpel44ST8IZ,Class room Lo,0.755,0.704,0.339,1995,1986-2001,3
6681z5exNZcmDuu59uvhKL,East Aur West India Is the Best,0.722,0.865,0.329,1996,1986-2001,3
3zErL2QDNzOXuRZ2NM6V2i,Intha Poonthendral,0.81,0.807,0.478,1996,1986-2001,3
4ElcPWqpuuveRp97joH3Ah,Yeh Dil Deewana - Remix,0.765,0.732,0.4,1997,1986-2001,3
1bU2NTQlRFtKB5PYF9v9Xv,Breathless - Album - Breathless 98,0.793,0.881,0.0393,1998,1986-2001,3
6h46G8mMwc3QDymuVKcPhR,Santhosha Kanneere,0.834,0.73,0.236,1998,1986-2001,3
2xENvHp47ajjdwAaJHBErw,"Assi Chutki Nabbe Taal, Pt. 1",0.822,0.96,0.466,1998,1986-2001,3
4YI0KYP59ohWbEnM4owHcI,Made In Andhra,0.809,0.945,0.292,1999,1986-2001,3
5xJD9iDQV4yDbagNGmJOKN,Main Aai Hoon Up Bihar Lootne,0.708,0.795,0.35,1999,1986-2001,3
5FahoduMccVvxhMh5fKlP4,Yekommakakomma,0.744,0.739,0.349,1999,1986-2001,3
5LqW4YmfIgyphH2Wm1lIPd,Nasha Yeh Pyar Ka - Remix,0.711,0.827,0.496,1999,1986-2001,3
3TzXh5n731SZ6zGcSd2dtF,Bollywood Balaraju,0.831,0.935,0.464,1999,1986-2001,3
0iKtQHMwA3k3NeKFWo17eN,Bangala Kathamulo,0.854,0.826,0.453,2000,1986-2001,3
4juiqgP5itU13oOrACPqAT,Geburt einer Nation,0.722,0.839,0.387,1987,1986-2001,3
0n18DFnsHSkhWyw7xDTrJP,"Kluk stoji, cumi a kouri",0.718,0.746,0.381,1995,1986-2001,3
0oebhJcenHibKvQmgLdHYu,Hudas,0.763,0.716,0.19,1997,1986-2001,3
1p52w0pwaw5PDFm4sPog96,Everyday Struggle - 2005 Remaster,0.931,0.712,0.486,1994,1986-2001,3
2YJ7L0bh5m86N8f2tAfq7m,Melnā Pantēra,0.705,0.92,0.486,2000,1986-2001,3
1cGO4yPj16rbuzAHOvVE7w,Birthday Cake,0.701,0.737,0.484,1996,1986-2001,3
03mRDjIfj35TbboNkl5LId,Sellel Ööl,0.708,0.914,0.459,1997,1986-2001,3
73VWivKJ1rrklFDKscpw5s,Ma olen sinu,0.704,0.744,0.479,2000,1986-2001,3
5xJuBd37iI7IpLG80SJElG,ミック・ジャガーに微笑みを,0.716,0.921,0.276,1986,1971-1985,3
6ONpKFqpIn6r7NR2hm8FV1,Inside カーニバル,0.738,0.804,0.493,1986,1971-1985,3
14Y0qk4eYnG3PRHHCMkGnG,流星のサドル,0.709,0.948,0.433,1989,1986-2001,3
6YT9WrBmyNB1pQJDDRPayc,家庭教師,0.702,0.802,0.43,1990,1986-2001,3
5HJm8OrE9UEU4owDmS0nm3,ゲームボーイズ,0.893,0.894,0.473,1991,1986-2001,3
7GGrvsIPK2m2FQoYmaC8VP,[ゆ]ド・ン・マ・イ来々少年,0.75,0.862,0.48,1991,1986-2001,3
4sb4tnaG8teu5IJ718Cv3H,無限の中の一度,0.739,0.833,0.413,1992,1986-2001,3
1sPFf6nq40YF6JJM5IlCRP,彼方からの手紙,0.704,0.873,0.0868,1993,1986-2001,3
1sco77iBXdmAZgPBWULTq6,今夜はブギー・バック<Live at BIG EGG ?>,0.78,0.771,0.383,1994,1986-2001,3
7GIrY4rdmiVa9RqJqiDPfv,DA・DA・DA (2019 Remastered),0.755,0.966,0.433,1994,1986-2001,3
71JYAZ0bOAg3GMHAFLYtrb,今夜はブギー・バック (smooth rap) [Remixed by 小山田圭吾],0.824,0.704,0.486,1995,1986-2001,3
68MBlgW6eZnJns2bMDdJ8d,君の瞳に映るオレに乾杯,0.82,0.787,0.382,1995,1986-2001,3
71vsaUXoSxW5jB4fnzqVPS,MUSIC TAKES ME HIGHER,0.72,0.946,0.451,1996,1986-2001,3
7oTTuZFGUDkcG0LPCYNh5y,FACE - Straight Run,0.705,0.862,0.171,1997,1986-2001,3
4c6j1hXJ35X9fD9av7ioTU,Flim,0.71,0.734,0.4,1997,1986-2001,3
0wRWPJvbt9Ph4eiG29iCNm,Rage your dream,0.716,0.927,0.419,1998,1986-2001,3
3Ubzwa9vQ7PKGA7pn9A9nC,Polynasia,0.751,0.992,0.447,1998,1986-2001,3
7ac0pjLSQc9FStDNGPxG0l,I HAVE NEVER SEEN - SINGLE MIX,0.733,0.838,0.275,1998,1986-2001,3
6fQj06JlJ6GrBcLBLiFx40,feels like HEAVEN,0.732,0.856,0.477,1998,1986-2001,3
3vLueNhX0LsuFG3RNMgaol,toi et moi,0.745,0.747,0.393,1999,1986-2001,3
4KXyjUT9OyUGNTYtxyHqY9,REALIZE (Main),0.84,0.774,0.372,1999,1986-2001,3
2rugWPRmVJFIr5qbD6EbaH,FACE - Straight Run,0.701,0.855,0.154,1999,1986-2001,3
32NwJl2BlBDe2UsyHdLArs,キング オブ ステージ,0.812,0.767,0.482,1999,1986-2001,3
2qTcHEZ8wR5tc3GayQkzpP,時間よ止まれ,0.714,0.716,0.403,2000,1986-2001,3
3DZbcSTnQoQutEyGlR6Cfh,sweetness,0.704,0.855,0.455,2000,1986-2001,3
7uur3lfZpdJVgVjI3VCMgK,We can't stop the music,0.747,0.972,0.431,2000,1986-2001,3
3SMPyMN3bPrJIfjnokjqnr,Move!,0.719,0.766,0.114,1991,1986-2001,3
0D0dQqLHXcVC4DpQJJGj6j,Ready to Die - 2006 Remaster,0.715,0.824,0.492,1994,1986-2001,3
6Cog1IldXJg0814w0e5Izo,Children - Future Breeze Vs. Junkfood Junkies Mix,0.702,0.936,0.1,1995,1986-2001,3
40WJLstnjHAxEAKRkOrIuj,Nasze mózgi wypełnione są Marią,0.759,0.729,0.384,1996,1986-2001,3
633vFyhOLhKKwt9AMebmIQ,Głodny,0.728,0.801,0.483,1997,1986-2001,3
6eWsekRz7as7MNf5SO4WOL,9 PM (Till I Come) - 9 PM Mix,0.791,0.957,0.426,1998,1986-2001,3
3uERJ9CoGq1qFOUDYb6C3K,Killer 2000,0.792,0.904,0.403,1999,1986-2001,3
7dju6WYVR14PHhjIw6tyQ5,One World One Love Parade (Official),0.751,0.765,0.238,2000,1986-2001,3
4GHUfPm2t9tKekPwM8nEPA,I Wanna Rock,0.966,0.705,0.159,1995,1986-2001,3
5c5M3fC2uAEi8WlyRRmjXk,365 Days,0.721,0.743,0.383,1999,1986-2001,3
5dDYP3iZrSbeqPr9SO9K9A,Mecka,0.732,0.828,0.43,1994,1986-2001,3
70Gmp4eZBSeIsfyWCnVTRU,你眼裏的深情,0.705,0.733,0.421,1993,1986-2001,3
