title,apple_music_id,apple_music_link,valence,Energie,Danceability
That Was Your Mother (with Good Rockin' Doopsie & The Twisters),,,,,
Change of Heart,187488797.0,https://music.apple.com/us/album/change-of-heart/187488190?i=187488797&uo=4,0.495,0.706,0.847
Mean Green Mother From Outerspace,1434903538.0,https://music.apple.com/us/album/mean-green-mother-from-outerspace-feat-little-shop/1434902929?i=1434903538&uo=4,0.407,0.715,0.853
Bad - 2012 Remaster,1473414828.0,https://music.apple.com/us/album/one-bad-habit-japan-2012-remaster/1473414813?i=1473414828&uo=4,0.394,0.787,0.889
Man in the Mirror - 2012 Remaster,,,,,
Ella, elle l'a - Remasterisé en 2004,,,,,
Dirty Diana - 2012 Remaster,,,,,
Man in the Mirror - 2012 Remaster,,,,,
Bad - 2012 Remaster,1473414828.0,https://music.apple.com/us/album/one-bad-habit-japan-2012-remaster/1473414813?i=1473414828&uo=4,0.394,0.787,0.889
Speed Demon - 2012 Remaster,,,,,
Paid In Full,1127570909.0,https://music.apple.com/us/album/paid-in-full/1127570678?i=1127570909&uo=4,0.423,0.902,0.743
Paid In Full,1127570909.0,https://music.apple.com/us/album/paid-in-full/1127570678?i=1127570909&uo=4,0.404,0.878,0.851
El Genio del Dub - Remasterizado 2008,297448807.0,https://music.apple.com/us/album/el-genio-del-dub-remasterizado-2008/297448804?i=297448807&uo=4,0.366,0.708,0.848
Dirty Diana - 2012 Remaster,,,,,
Speed Demon - 2012 Remaster,,,,,
Fight Like A Brave,1440863006.0,https://music.apple.com/us/album/fight-like-a-brave/1440863003?i=1440863006&uo=4,0.276,0.719,0.936
Straight Outta Compton,1440816033.0,https://music.apple.com/us/album/straight-outta-compton/1440816032?i=1440816033&uo=4,0.418,0.834,0.878
Straight Outta Compton,1440816033.0,https://music.apple.com/us/album/straight-outta-compton/1440816032?i=1440816033&uo=4,0.402,0.779,0.984
Fools Gold - Remastered,322969547.0,https://music.apple.com/us/album/fools-gold-remastered/322969529?i=322969547&uo=4,0.164,0.731,0.875
So Wat Cha Sayin',723821161.0,https://music.apple.com/us/album/so-wat-cha-sayin/723820648?i=723821161&uo=4,0.475,0.796,0.701
The Sounds Of Science,723654609.0,https://music.apple.com/us/album/the-sounds-of-science/723654366?i=723654609&uo=4,0.496,0.801,0.714
Vogue,80812397.0,https://music.apple.com/us/album/vogue/80812428?i=80812397&uo=4,0.304,0.748,0.84
Chime - Edit,1443836554.0,https://music.apple.com/us/album/chime-edit/1443836553?i=1443836554&uo=4,0.332,0.726,0.919
Radio Kriminal - Remasterizado 2008,297723105.0,https://music.apple.com/us/album/radio-kriminal-remasterizado-2008/297723079?i=297723105&uo=4,0.251,0.791,0.701
Borderline - Remix,80812049.0,https://music.apple.com/us/album/borderline-remix/80812428?i=80812049&uo=4,0.498,0.776,0.772
Subhalekha,968689028.0,https://music.apple.com/us/album/subhalekha-from-kondaveeti-donga/968688925?i=968689028&uo=4,0.49,0.78,0.726
Gir Kanıma,657089810.0,https://music.apple.com/us/album/gir-kan%C4%B1ma-timu%C3%A7in-tezel-mix-feat-kaan-g%C3%B6kman/657088982?i=657089810&uo=4,0.492,0.759,0.714
Uptown Anthem,482387812.0,https://music.apple.com/us/album/uptown-anthem-re-recorded-version/482387761?i=482387812&uo=4,0.146,0.823,0.723
Appetite For Destruction,1377813701.0,https://music.apple.com/us/album/sweet-child-o-mine/1377813284?i=1377813701&uo=4,0.361,0.843,0.812
Ci vuole un fisico bestiale,272106936.0,https://music.apple.com/us/album/ci-vuole-un-fisico-bestiale/272106828?i=272106936&uo=4,0.371,0.703,0.879
Jump,308842079.0,https://music.apple.com/us/album/jump-feat-nelly-furtado/308841964?i=308842079&uo=4,0.481,0.749,0.745
Please Don't Go,975529997.0,https://music.apple.com/us/album/please-dont-go/975529995?i=975529997&uo=4,0.492,0.707,0.842
My Lovin' (You're Never Gonna Get It),189259137.0,https://music.apple.com/us/album/my-lovin-youre-never-gonna-get-it/189259056?i=189259137&uo=4,0.461,0.767,0.839
Rump Shaker,1443079086.0,https://music.apple.com/us/album/rump-shaker-radio-mix/1443078758?i=1443079086&uo=4,0.233,0.888,0.822
I'm That Type Of Nigga,1440946756.0,https://music.apple.com/us/album/im-that-type-of-n-a-straight-up-faded-mix/1440946475?i=1440946756&uo=4,0.473,0.847,0.773
Provócame,162309710.0,https://music.apple.com/us/album/prov%C3%B3came/162308470?i=162309710&uo=4,0.485,0.74,0.845
Right Back,1455151650.0,https://music.apple.com/us/album/right-back/1455151397?i=1455151650&uo=4,0.347,0.748,0.744
Only If You Want It,716261870.0,https://music.apple.com/us/album/only-if-you-want-it/716261324?i=716261870&uo=4,0.46,0.79,0.846
Passion - Naked Mix,935659787.0,https://music.apple.com/us/album/passion-naked-mix/935659652?i=935659787&uo=4,0.0823,0.748,0.711
Mr. Vain - Original Radio Edit,505475126.0,https://music.apple.com/us/album/mr-vain-original-radio-edit/505475118?i=505475126&uo=4,0.391,0.703,0.997
Informer,275025196.0,https://music.apple.com/us/album/informer/275024906?i=275025196&uo=4,0.483,0.763,0.742
Sound of da Police,267252035.0,https://music.apple.com/us/album/sound-of-da-police/267251596?i=267252035&uo=4,0.324,0.794,0.95
My Name Is Mud,1440904637.0,https://music.apple.com/us/album/my-name-is-mud/1440904337?i=1440904637&uo=4,0.439,0.714,0.869
Ghetto Bird - Remastered,,,,,
G Funk (Intro),1676306184.0,https://music.apple.com/us/album/g-funk-intro/1676306182?i=1676306184&uo=4,0.499,0.776,0.897
Pump Pump (feat. Lil' Malik),,,,,
Rara Söta Anna,442902296.0,https://music.apple.com/us/album/rara-s%C3%B6ta-anna/442902260?i=442902296&uo=4,0.404,0.732,0.892
Machine Gun Funk - 2006 Remaster,,,,,
Everyday Struggle - 2005 Remaster,,,,,
Life's a Bitch (feat. AZ & Olu Dara),806427753.0,https://music.apple.com/us/album/lifes-a-bitch-feat-az-arsenal-mix/806427685?i=806427753&uo=4,0.342,0.775,0.734
Run To Me,1538250624.0,https://music.apple.com/us/album/run-to-me-feat-brandi-carlile/1538250620?i=1538250624&uo=4,0.361,0.718,0.963
Senor Matanza,1244825064.0,https://music.apple.com/us/album/se%C3%B1or-matanza/1244823855?i=1244825064&uo=4,0.413,0.722,0.908
Life's a Bitch (feat. AZ & Olu Dara),806427753.0,https://music.apple.com/us/album/lifes-a-bitch-feat-az-arsenal-mix/806427685?i=806427753&uo=4,0.342,0.775,0.734
No Surrender,203709047.0,https://music.apple.com/us/album/no-surrender/203708420?i=203709047&uo=4,0.243,0.706,0.787
Under Pressure,1440651883.0,https://music.apple.com/us/album/under-pressure-rah-mix/1440650428?i=1440651883&uo=4,0.231,0.792,0.753
La vida la vida me da palo,1244825886.0,https://music.apple.com/us/album/la-vida-la-vida-me-da-palo/1244823855?i=1244825886&uo=4,0.489,0.812,0.914
Survival of the Fittest,255342460.0,https://music.apple.com/us/album/survival-of-the-fittest/255342338?i=255342460&uo=4,0.241,0.813,0.703
Man in the Mirror,273598923.0,https://music.apple.com/us/album/man-in-the-mirror-2003-edit/273598907?i=273598923&uo=4,0.265,0.794,0.798
Bad,159294345.0,https://music.apple.com/us/album/bad/159292399?i=159294345&uo=4,0.339,0.802,0.869
Criminology (feat. Ghostface Killah),258635309.0,https://music.apple.com/us/album/criminology-feat-ghostface-killah/258634938?i=258635309&uo=4,0.464,0.712,0.726
Hideaway - Deep Dish Radio Edit,357846655.0,https://music.apple.com/us/album/hideaway-deep-dish-radio-edit/357846107?i=357846655&uo=4,0.477,0.761,0.959
Un-Break My Heart - Classic Radio Mix,714116918.0,https://music.apple.com/us/album/heartbeat-classic-radio-edit/714116784?i=714116918&uo=4,0.353,0.764,0.966
Shorty Wanna Be A Thug,1588481503.0,https://music.apple.com/us/album/shorty-wanna-be-a-thug/1588480719?i=1588481503&uo=4,0.352,0.808,0.716
Jein,712318050.0,https://music.apple.com/us/album/jein/712317965?i=712318050&uo=4,0.479,0.749,0.886
Wonda Why They Call U B____,1578673038.0,https://music.apple.com/us/album/wonda-why-they-call-you-bitch/1578672139?i=1578673038&uo=4,0.457,0.792,0.876
Step by Step,303545480.0,https://music.apple.com/us/album/step-by-step/303545458?i=303545480&uo=4,0.202,0.752,0.79
Maracatu Atômico,1549536268.0,https://music.apple.com/us/album/maracatu-atomico-bossacucanova-mix/1549536266?i=1549536268&uo=4,0.263,0.748,0.729
Basta Ya Mi Amor,1701907649.0,https://music.apple.com/us/album/basta-ya-mi-amor/1701907648?i=1701907649&uo=4,0.344,0.714,0.709
Two Dope Boyz (In a Cadillac),263570541.0,https://music.apple.com/us/album/two-dope-boyz-in-a-cadillac/263570527?i=263570541&uo=4,0.493,0.809,0.718
The Gangsta, The Killa And The Dope Dealer,724690821.0,https://music.apple.com/us/album/the-gangsta-the-killa-and-the-dope-dealer/724690687?i=724690821&uo=4,0.484,0.803,0.737
Alive,158049832.0,https://music.apple.com/us/album/alive-2004-remix/158049800?i=158049832&uo=4,0.0748,0.723,0.716
Flim,193536742.0,https://music.apple.com/us/album/flim/193535775?i=193536742&uo=4,0.4,0.71,0.734
Daftendirekt,696885550.0,https://music.apple.com/us/album/daftendirekt/696884422?i=696885550&uo=4,0.336,0.883,0.743
Sound Is Vibration,1516916618.0,https://music.apple.com/us/album/sound-is-vibration/1516916379?i=1516916618&uo=4,0.496,0.779,0.712
What Is A Juggalo?,1443173394.0,https://music.apple.com/us/album/what-is-a-juggalo-alternate-mix/1443172266?i=1443173394&uo=4,0.475,0.726,0.721
Hellrazor,1440768152.0,https://music.apple.com/us/album/hellrazor/1440767775?i=1440768152&uo=4,0.454,0.837,0.884
Music Sounds Better With You,422270361.0,https://music.apple.com/us/album/music-sounds-better-with-you-funky-junction-sergio/422270227?i=422270361&uo=4,0.364,0.735,0.72
Picture Me Rollin',1059869497.0,https://music.apple.com/us/album/picture-me-rollin/1059869479?i=1059869497&uo=4,0.457,0.848,0.737
ATF,1485050523.0,https://music.apple.com/us/album/atf/1485050192?i=1485050523&uo=4,0.246,0.842,0.914
Da Art of Storytellin' (Pt. 1),266365470.0,https://music.apple.com/us/album/da-art-of-storytellin-pt-1/266365274?i=266365470&uo=4,0.402,0.749,0.856
Heartz Of Men,1440764791.0,https://music.apple.com/us/album/heartz-of-men/1440763429?i=1440764791&uo=4,0.498,0.851,0.748
You're a Superstar - City of Love Club Mix,1525908045.0,https://music.apple.com/us/album/youre-a-superstar-city-of-love-club-mix/1525907494?i=1525908045&uo=4,0.461,0.794,0.717
Superthug,1604644179.0,https://music.apple.com/us/album/superthug/1604644095?i=1604644179&uo=4,0.367,0.845,0.921
One for Sorrow,1626810404.0,https://music.apple.com/us/album/one-for-sorrow-steps-25-revisited-mix/1626809690?i=1626810404&uo=4,0.376,0.715,0.951
The Next Episode,1440783384.0,https://music.apple.com/us/album/the-next-episode-feat-snoop-dogg/1440782221?i=1440783384&uo=4,0.309,0.922,0.909
The Next Episode,1440783384.0,https://music.apple.com/us/album/the-next-episode-feat-snoop-dogg/1440782221?i=1440783384&uo=4,0.287,0.923,0.912
Quiet Storm,205881936.0,https://music.apple.com/us/album/sexual-healing/205881652?i=205881936&uo=4,0.403,0.79,0.728
The Launch - Radio Edit,925674856.0,https://music.apple.com/us/album/the-launch-radio-edit/925674848?i=925674856&uo=4,0.259,0.739,0.998
As The World Turns,1440866965.0,https://music.apple.com/us/album/as-the-world-turns/1440866955?i=1440866965&uo=4,0.36,0.861,0.731
Confisco,1577446994.0,https://music.apple.com/us/album/confisco-ao-vivo-chegou-quem-faltava/1577446202?i=1577446994&uo=4,0.376,0.826,0.991
Lado B lado A,83164097.0,https://music.apple.com/us/album/lado-b-lado-a-ao-vivo-ac%C3%BAstico/83164379?i=83164097&uo=4,0.463,0.752,0.827
"Bad Guys Always Die - From ""Wild Wild West"" Soundtrack,1453197250.0,https://music.apple.com/us/album/bad-guys-always-die-from-wild-wild-west-soundtrack/1453196979?i=1453197250&uo=4,0.343,0.722,0.747"
The Way I Am,1293229676.0,https://music.apple.com/us/album/the-way-i-am/1293229669?i=1293229676&uo=4,0.315,0.785,0.871
"Sometimes (12"" Mix) - 12'' Mix; 2011 Remastered Version,,,,,"
The Race - Remastered,1598348535.0,https://music.apple.com/us/album/the-race-remastered/1598348133?i=1598348535&uo=4,0.187,0.851,0.843
Love Will Never Do (Without You),1413925987.0,https://music.apple.com/us/album/love-will-never-do-without-you-single-version/1413924909?i=1413925987&uo=4,0.462,0.746,0.947
Rock Your Body - Radio edit,1504840674.0,https://music.apple.com/us/album/rock-your-body-radio-edit/1504840662?i=1504840674&uo=4,0.247,0.767,0.947
Music so Good,850697815.0,https://music.apple.com/us/album/love-never-felt-so-good/850697616?i=850697815&uo=4,0.493,0.828,0.796
Bottom Heavy,258125388.0,https://music.apple.com/us/album/bottom-heavy/258125305?i=258125388&uo=4,0.397,0.839,0.79
Weakness,665205718.0,https://music.apple.com/us/album/weakness-club-mix/665202373?i=665205718&uo=4,0.392,0.729,0.764
Boom,204672485.0,https://music.apple.com/us/album/boom/204672411?i=204672485&uo=4,0.338,0.795,0.775
Mambotjie (feat. 2Shot),,,,,
Don't You Ever,276562747.0,https://music.apple.com/us/album/dont-you-ever-the-natural-history-original-version/276562483?i=276562747&uo=4,0.406,0.791,0.796
Who Dat,189480778.0,https://music.apple.com/us/album/whodat/189480499?i=189480778&uo=4,0.381,0.831,0.834
As The World Turns,1440866965.0,https://music.apple.com/us/album/as-the-world-turns/1440866955?i=1440866965&uo=4,0.336,0.796,0.73
Hope,896029995.0,https://music.apple.com/us/album/hope-feat-ty-dolla-%24ign/896029984?i=896029995&uo=4,0.244,0.778,0.756
I Go To Work,293277935.0,https://music.apple.com/us/album/i-go-to-work/293277925?i=293277935&uo=4,0.451,0.847,0.828
God Made Me Phunky,279151017.0,https://music.apple.com/us/album/god-made-me-phunky/279150976?i=279151017&uo=4,0.353,0.709,0.73
Flute Loop - Remastered 2009,,,,,
Dueño de mi silencio,695986651.0,https://music.apple.com/us/album/due%C3%B1o-de-mi-silencio/695985746?i=695986651&uo=4,0.445,0.783,0.778
Taal Se Taal - Western Version,1536519902.0,https://music.apple.com/us/album/taal-se-taal-western-version/1536519242?i=1536519902&uo=4,0.492,0.771,0.72
Get Your Roll On,1451766221.0,https://music.apple.com/us/album/get-your-roll-on/1451766212?i=1451766221&uo=4,0.47,0.783,0.709
Campana Sobre Campana,131268815.0,https://music.apple.com/us/album/campana-sobre-campana-alternate-mix/131268340?i=131268815&uo=4,0.452,0.726,0.768
Wenn es dich noch gibt,253848398.0,https://music.apple.com/us/album/wenn-es-dich-noch-gibt/253848390?i=253848398&uo=4,0.448,0.735,0.852
Она Идет по Жизни, Смеясь,598202067.0,https://music.apple.com/us/album/%D0%BE%D0%BD%D0%B0-%D0%B8%D0%B4%D1%91%D1%82-%D0%BF%D0%BE-%D0%B6%D0%B8%D0%B7%D0%BD%D0%B8-%D1%81%D0%BC%D0%B5%D1%8F%D1%81%D1%8C/598201644?i=598202067&uo=4,0.48,0.822,0.74
Rano, Ranije,559709762.0,https://music.apple.com/us/album/rano-ranije/559709755?i=559709762&uo=4,0.477,0.775,0.781
Kapitel 14 - Das Fohlen (Folge 001),1148121945.0,https://music.apple.com/us/album/kapitel-14-das-fohlen-folge-001/1148121905?i=1148121945&uo=4,0.42,0.756,0.727
İsmail,1122446617.0,https://music.apple.com/us/album/ismail/1122445801?i=1122446617&uo=4,0.337,0.837,0.822
Kapitel 10 - Papis Pony (Folge 011),1148121635.0,https://music.apple.com/us/album/kapitel-10-papis-pony-folge-011/1148121614?i=1148121635&uo=4,0.403,0.751,0.703
Tengo Una Punto 40,1558771582.0,https://music.apple.com/us/album/tengo-una-punto-40-live/1558771228?i=1558771582&uo=4,0.402,0.769,0.904
Doin' Time,1440654626.0,https://music.apple.com/us/album/doin-time-marshall-arts-remix-feat-the-pharcyde/1440654069?i=1440654626&uo=4,0.492,0.711,0.713
Brinca,79151614.0,https://music.apple.com/us/album/brinca-sabrosura-mix/79151671?i=79151614&uo=4,0.332,0.861,0.728
Emergencia de amor,110738821.0,https://music.apple.com/us/album/emergencia-de-amor/110739106?i=110738821&uo=4,0.383,0.767,0.749
Nike Air (Hands In The Air),414539429.0,https://music.apple.com/us/album/nike-air-hands-in-the-air/414538421?i=414539429&uo=4,0.347,0.753,0.855
David Danzaba,265685535.0,https://music.apple.com/us/album/david-danzaba/265685441?i=265685535&uo=4,0.349,0.73,0.922
Aikaa täytyy olla koko yö,894526327.0,https://music.apple.com/us/album/aikaa-t%C3%A4ytyy-olla-koko-y%C3%B6/894526321?i=894526327&uo=4,0.435,0.799,0.729
The Devil Made Me Do It,126269755.0,https://music.apple.com/us/album/the-devil-made-me-do-it-poach-a-pig-mix/126269671?i=126269755&uo=4,0.426,0.804,0.842
Jungle Bill,1443863815.0,https://music.apple.com/us/album/jungle-bill-single-version/1443862900?i=1443863815&uo=4,0.494,0.707,0.782
Sgt. Baker,1440913552.0,https://music.apple.com/us/album/sgt-baker/1440913545?i=1440913552&uo=4,0.198,0.72,0.822
Tartu tiukasti hanuriin,894642652.0,https://music.apple.com/us/album/tartu-tiukasti-hanuriin/894642623?i=894642652&uo=4,0.334,0.764,0.749
Down Foe My Thang,1168167343.0,https://music.apple.com/us/album/down-foe-my-thang/1168167073?i=1168167343&uo=4,0.447,0.737,0.719
X-Tasy - Past Mix,141152097.0,https://music.apple.com/us/album/x-tasy-past-mix/141151493?i=141152097&uo=4,0.386,0.757,0.814
Run To Me - Original Extended Mix,,,,,
Supa Star,80980637.0,https://music.apple.com/us/album/supastar/80981001?i=80980637&uo=4,0.379,0.708,0.776
Kaksi kättä hississä,268635971.0,https://music.apple.com/us/album/kaksi-k%C3%A4tt%C3%A4-hississ%C3%A4/268635852?i=268635971&uo=4,0.392,0.706,0.774
Virtual Reality,331528788.0,https://music.apple.com/us/album/virtual-reality/331528783?i=331528788&uo=4,0.389,0.771,0.9
Funky Shit,500162144.0,https://music.apple.com/us/album/funky-shit/500162127?i=500162144&uo=4,0.252,0.704,0.99
Fuck Dying,1442943656.0,https://music.apple.com/us/album/f-k-dying-feat-korn/1442943143?i=1442943656&uo=4,0.357,0.737,0.733
Carte Blanche - David Gravell Remix,1225798117.0,https://music.apple.com/us/album/carte-blanche-david-gravell-remix/1225798099?i=1225798117&uo=4,0.337,0.717,0.719
Flute,598106026.0,https://music.apple.com/us/album/a-boat-song-in-the-river-region/598104513?i=598106026&uo=4,0.399,0.751,0.88
Killin' Time,258635637.0,https://music.apple.com/us/album/killin-time/258634381?i=258635637&uo=4,0.305,0.704,0.866
Sweet Bird Of Truth,427874627.0,https://music.apple.com/us/album/sweet-bird-of-truth-12-remix/427874267?i=427874627&uo=4,0.405,0.765,0.814
Fools Gold - Remastered,322969547.0,https://music.apple.com/us/album/fools-gold-remastered/322969529?i=322969547&uo=4,0.147,0.731,0.875
My Name Is Prince,1544288692.0,https://music.apple.com/us/album/my-name-is-prince/1544288691?i=1544288692&uo=4,0.36,0.798,0.942
Everyday Struggle - 2005 Remaster,,,,,
Machine Gun Funk - 2006 Remaster,,,,,
Night Moves,1443301960.0,https://music.apple.com/us/album/night-moves-remastered/1443301666?i=1443301960&uo=4,0.361,0.717,0.739
Higher State of Consciousness - Tweekin Acid Funk,219382885.0,https://music.apple.com/us/album/higher-state-of-consciousness-tweekin-acid-funk/219382451?i=219382885&uo=4,0.406,0.752,0.929
Do You Like Criminals?,724690813.0,https://music.apple.com/us/album/do-you-like-criminals/724690687?i=724690813&uo=4,0.481,0.751,0.739
Take California,214143269.0,https://music.apple.com/us/album/take-california/214143263?i=214143269&uo=4,0.143,0.749,0.873
Into The Void,168393109.0,https://music.apple.com/us/album/into-the-void-live/168392670?i=168393109&uo=4,0.361,0.712,0.796
Holy Calamity [Bear Witness II],1607689971.0,https://music.apple.com/us/album/holy-calamity-bear-witness-ii-feat-dj-shadow-dj-quest/1607689963?i=1607689971&uo=4,0.374,0.797,0.983
Let's Get High,1217667725.0,https://music.apple.com/us/album/lets-get-high-reach-out-and-touch-the-sky-mix/1217666893?i=1217667725&uo=4,0.487,0.914,0.853
Weekends,405926169.0,https://music.apple.com/us/album/weekends/405926168?i=405926169&uo=4,0.454,0.868,0.775
Hotel, Dulce Hotel,266190051.0,https://music.apple.com/us/album/hotel-dulce-hotel/266189155?i=266190051&uo=4,0.472,0.783,0.741
Mind Blowin',1121779011.0,https://music.apple.com/us/album/mind-blowin-feat-vinia-mojica/1121778228?i=1121779011&uo=4,0.488,0.854,0.787
Let Your Body Learn,1444130139.0,https://music.apple.com/us/album/let-your-body-learn/1444129568?i=1444130139&uo=4,0.0504,0.714,0.976
Tuga, Ti I Ja,1165339541.0,https://music.apple.com/us/album/tuga-ti-i-ja-live/1165339425?i=1165339541&uo=4,0.447,0.727,0.706
Cuando Floresca el Chuño,319276140.0,https://music.apple.com/us/album/cuando-floresca-el-chuno-sunshine-radio-mix/319276137?i=319276140&uo=4,0.21,0.704,0.754
Mata Oh A Eh,1614536497.0,https://music.apple.com/us/album/mata-oh-a-eh/1614536101?i=1614536497&uo=4,0.482,0.803,0.726
Persigueme,723992039.0,https://music.apple.com/us/album/pers%C3%ADgueme/723991930?i=723992039&uo=4,0.174,0.742,0.988
La Magia de Tus Besos,260756820.0,https://music.apple.com/us/album/la-magia-de-tus-besos/260756137?i=260756820&uo=4,0.404,0.726,0.783
Good Boy,1313615284.0,https://music.apple.com/us/album/good-boy/1313615274?i=1313615284&uo=4,0.422,0.776,0.813
חדשות?,1482415539.0,https://music.apple.com/us/album/%D7%97%D7%93%D7%A9%D7%95%D7%AA/1482414502?i=1482415539&uo=4,0.493,0.705,0.78
הירושימה שלי,1572824155.0,https://music.apple.com/us/album/%D7%94%D7%99%D7%A8%D7%95%D7%A9%D7%99%D7%9E%D7%94-%D7%A9%D7%9C%D7%99-live/1572824146?i=1572824155&uo=4,0.369,0.702,0.771
Jump - Extended Mix,170147656.0,https://music.apple.com/us/album/jump-extended-mix/170146852?i=170147656&uo=4,0.389,0.708,0.759
Diganme Cual?,299667465.0,https://music.apple.com/us/album/diganme-cual/299667458?i=299667465&uo=4,0.455,0.835,0.747
The 6th Gate (Dance With the Devil) - Extended,807454464.0,https://music.apple.com/us/album/the-6th-gate-dance-with-the-devil-extended/807454455?i=807454464&uo=4,0.174,0.807,0.91
Boing Boom Tschak - 2009 Remaster,,,,,
It's Ridiculous,1447495928.0,https://music.apple.com/us/album/its-ridiculous-feat-louise-gaffney/1447495924?i=1447495928&uo=4,0.397,0.785,0.716
Voices,327388307.0,https://music.apple.com/us/album/voices/327388304?i=327388307&uo=4,0.0753,0.767,0.768
Straight Outta Compton - Extended Mix,1445286075.0,https://music.apple.com/us/album/straight-outta-compton-extended-mix/1445285849?i=1445286075&uo=4,0.451,0.79,0.933
Show Some Love (Rhythm Invention Remix),291112899.0,https://music.apple.com/us/album/show-some-love-rhythm-invention-remix/291112726?i=291112899&uo=4,0.157,0.741,0.995
Making A Living - Original Mix,,,,,
Take Me Baby,328408653.0,https://music.apple.com/us/album/take-me-baby/328407362?i=328408653&uo=4,0.402,0.775,0.88
Neva Faded,1675712059.0,https://music.apple.com/us/album/neva-faded/1675712058?i=1675712059&uo=4,0.28,0.743,0.821
Spastik,1107600327.0,https://music.apple.com/us/album/spastik-damolh33-remix/1107599572?i=1107600327&uo=4,0.0397,0.795,0.989
Revenge Of The Bomberclad Joint,935153337.0,https://music.apple.com/us/album/the-revenge-of-the-bomberclad-joint/935140892?i=935153337&uo=4,0.473,0.809,0.722
Dance on Vaseline,157822699.0,https://music.apple.com/us/album/dance-on-vaseline/157822631?i=157822699&uo=4,0.464,0.727,0.84
Fricote,1068297272.0,https://music.apple.com/us/album/fricote-feat-jo%C3%A3o-paulo-daniel/1068297270?i=1068297272&uo=4,0.399,0.714,0.703
Mano Naktys,1502767215.0,https://music.apple.com/us/album/mano-naktys-feat-alanas-chosnau/1502767214?i=1502767215&uo=4,0.307,0.886,0.767
F--k a Hoe (feat. Tom Skeemask, Criminal Manne, DJ Zirk & Kilo G),,,,,
Saulės Miestas,910729143.0,https://music.apple.com/us/album/saul%C4%97s-miestas-feat-a-mamontovas/910729001?i=910729143&uo=4,0.471,0.718,0.832
Serious,693602626.0,https://music.apple.com/us/album/serious-7-edit/693602046?i=693602626&uo=4,0.474,0.718,0.734
Rio 40 Graus (feat. Fausto Fawcett),1558160838.0,https://music.apple.com/us/album/rio-40-graus-feat-fausto-fawcett-medley/1558160033?i=1558160838&uo=4,0.493,0.819,0.811
Equis,1059236868.0,https://music.apple.com/us/album/equis-monky-remix/1059236826?i=1059236868&uo=4,0.448,0.702,0.935
046 - und der schrullige Millionär - Teil 12,,,,,
Aj ty!,1641235479.0,https://music.apple.com/us/album/aj-ty-feat-sima/1641235478?i=1641235479&uo=4,0.322,0.714,0.957
Láska, Pivo, Anjel, Smútok,1523286123.0,https://music.apple.com/us/album/l%C3%A1ska-pivo-anjel-sm%C3%BAtok/1523286120?i=1523286123&uo=4,0.391,0.713,0.822
I Wanna be a Hippy - Radio Mix,1261112784.0,https://music.apple.com/us/album/i-wanna-be-a-hippy-radio-mix/1261112776?i=1261112784&uo=4,0.496,0.714,0.924
Rebel Warrior,1450120263.0,https://music.apple.com/us/album/rebel-warrior/1450120257?i=1450120263&uo=4,0.371,0.704,0.846
壯志驕陽,1440875447.0,https://music.apple.com/us/album/%E5%A3%AF%E5%BF%97%E9%A9%95%E9%99%BD/1440875271?i=1440875447&uo=4,0.419,0.753,0.766
鐵幕誘惑,700347048.0,https://music.apple.com/us/album/%E9%90%B5%E5%B9%95%E8%AA%98%E6%83%91-live/700346128?i=700347048&uo=4,0.425,0.773,0.868
Cat People,268695123.0,https://music.apple.com/us/album/cat-people/268694445?i=268695123&uo=4,0.231,0.757,0.872
這個冬天不太冷,1443816196.0,https://music.apple.com/us/album/%E6%88%91%E7%AD%89%E5%88%B0%E8%8A%B1%E5%85%92%E4%B9%9F%E8%AC%9D%E4%BA%86/1443816142?i=1443816196&uo=4,0.293,0.706,0.972
愛你/不愛你,252606598.0,https://music.apple.com/us/album/rock-your-body/252606580?i=252606598&uo=4,0.425,0.777,0.937
Mu Di Di,159368880.0,https://music.apple.com/us/album/cello-suite-no-1-in-g-major-bwv-1007-pr%C3%A9lude/159368810?i=159368880&uo=4,0.487,0.721,0.9
40º À Sombra,1499391819.0,https://music.apple.com/us/album/40%C2%BA-%C3%A0-sombra-ao-vivo-em-cascais/1499391562?i=1499391819&uo=4,0.299,0.741,0.731
Se Poliorkia (Pes Pes),1507037037.0,https://music.apple.com/us/album/se-poliorkia-pes-pes-spasta-feat-foivos-live/1507035712?i=1507037037&uo=4,0.456,0.741,0.716
To Doro Tou Kaisara,1592507038.0,https://music.apple.com/us/album/to-doro-tou-kaisara/1592507025?i=1592507038&uo=4,0.375,0.785,0.797
Doctor Jones,1442555484.0,https://music.apple.com/us/album/doctor-jones-original-version/1442555393?i=1442555484&uo=4,0.453,0.709,0.911
Comprendes, Mendes?,1444102032.0,https://music.apple.com/us/album/comprendes-mendes/1444101986?i=1444102032&uo=4,0.34,0.84,0.714
Party Up,900251265.0,https://music.apple.com/us/album/party-up-feat-colt-ford/900250891?i=900251265&uo=4,0.447,0.741,0.921
The Next Episode - Album Version (Edited),,,,,
Doctor Jones,1442555484.0,https://music.apple.com/us/album/doctor-jones-original-version/1442555393?i=1442555484&uo=4,0.469,0.702,0.922
Train,158908913.0,https://music.apple.com/us/album/meet-virginia/158908899?i=158908913&uo=4,0.304,0.721,0.754
Where Are You,971262282.0,https://music.apple.com/us/album/where-are-%C3%BC-now-feat-justin-bieber/971262235?i=971262282&uo=4,0.298,0.754,0.824
Dog's Gonna Getcha,1245799535.0,https://music.apple.com/us/album/dogs-gonna-getcha/1245799013?i=1245799535&uo=4,0.146,0.775,0.713
Switchstance,1206938285.0,https://music.apple.com/us/album/switchstance/1206937099?i=1206938285&uo=4,0.381,0.739,0.931
Toppurinn,1654362170.0,https://music.apple.com/us/album/toppurinn/1654362169?i=1654362170&uo=4,0.49,0.847,0.754
เพลงเพื่อคุณ,825377890.0,https://music.apple.com/us/album/%E0%B9%80%E0%B8%9E%E0%B8%A5%E0%B8%87%E0%B9%80%E0%B8%9E-%E0%B8%AD%E0%B8%84-%E0%B8%93/825373876?i=825377890&uo=4,0.378,0.708,0.838
045 - Unternehmen Grüne Hölle - Teil 24,,,,,
ถึกควายทุย 9,254170250.0,https://music.apple.com/us/album/%E0%B8%96-%E0%B8%81%E0%B8%84%E0%B8%A7%E0%B8%B2%E0%B8%A2%E0%B8%97-%E0%B8%A2-9/254169691?i=254170250&uo=4,0.382,0.739,0.72
064 - Schwarze Pest aus Indien - Teil 14,,,,,
Baño De Mujeres,465809156.0,https://music.apple.com/us/album/ba%C3%B1o-de-mujeres-live/465809117?i=465809156&uo=4,0.491,0.752,0.897
Because the Night - T.L.S. Mix,914492859.0,https://music.apple.com/us/album/because-the-night-t-l-s-mix-feat-taleesa/914492843?i=914492859&uo=4,0.413,0.717,0.729
Provócame,162309710.0,https://music.apple.com/us/album/prov%C3%B3came/162308470?i=162309710&uo=4,0.485,0.74,0.845
Man in the Mirror,273598923.0,https://music.apple.com/us/album/man-in-the-mirror-2003-edit/273598907?i=273598923&uo=4,0.265,0.794,0.798
Bad,159294345.0,https://music.apple.com/us/album/bad/159292399?i=159294345&uo=4,0.339,0.802,0.869
Mean Green Mother From Outerspace,1434903538.0,https://music.apple.com/us/album/mean-green-mother-from-outerspace-feat-little-shop/1434902929?i=1434903538&uo=4,0.386,0.706,0.843
My Name Is Prince,1544288692.0,https://music.apple.com/us/album/my-name-is-prince/1544288691?i=1544288692&uo=4,0.363,0.797,0.942
The Gangsta, The Killa And The Dope Dealer,724690821.0,https://music.apple.com/us/album/the-gangsta-the-killa-and-the-dope-dealer/724690687?i=724690821&uo=4,0.486,0.805,0.737
Jungle Bill,1443863815.0,https://music.apple.com/us/album/jungle-bill-single-version/1443862900?i=1443863815&uo=4,0.479,0.711,0.778
Boing Boom Tschak - 2009 Remaster,,,,,
Everyday Struggle - 2005 Remaster,,,,,
Flim,193536742.0,https://music.apple.com/us/album/flim/193535775?i=193536742&uo=4,0.4,0.71,0.734
