ID,Date,Time,Age,Age Category,Gender,Emotion,Frequency
1,2023-08-18,15:51:33.319750,37,middle_adults,Homme,sad,1
1,2023-08-18,15:51:33.319750,37,middle_adults,Homme,sad,1
2,2023-08-18,15:51:36.072464,33,young_adults,Homme,neutral,1
1,2023-08-18,15:51:33.319750,37,middle_adults,Homme,sad,1
2,2023-08-18,15:51:38.297426,33,young_adults,Homme,neutral,2
1,2023-08-18,15:51:33.319750,37,middle_adults,Homme,sad,1
2,2023-08-18,15:51:40.962084,33,young_adults,Homme,neutral,3
1,2023-08-18,15:51:33.319750,37,middle_adults,Homme,sad,1
2,2023-08-18,15:51:43.226155,33,young_adults,Homme,neutral,4
1,2023-08-18,15:51:33.319750,37,middle_adults,Homme,sad,1
2,2023-08-18,15:51:45.261427,33,young_adults,Homme,neutral,5
